student_roll_number,strategy_submission_number,symbol,timeframe,entry_trade_time,exit_trade_time,entry_trade_price,exit_trade_price,qty,fees,cumulative_capital_after_trade
23ME3EP03,1,NSE:NIFTY50-INDEX,60,2025-01-15 13:15:00+05:30,2025-01-15 15:15:00+05:30,23181.5,23228.1,4,48,100138.4
23ME3EP03,1,NSE:NIFTY50-INDEX,60,2025-01-16 09:15:00+05:30,2025-01-16 15:15:00+05:30,23308.0,23350.8,4,48,100261.59999999999
23ME3EP03,1,NSE:NIFTY50-INDEX,60,2025-01-20 11:15:00+05:30,2025-01-20 15:15:00+05:30,23342.95,23337.05,4,48,100189.99999999999
23ME3EP03,1,NSE:NIFTY50-INDEX,60,2025-01-21 11:15:00+05:30,2025-01-21 15:15:00+05:30,23281.15,23053.05,4,48,99229.59999999998
23ME3EP03,1,NSE:NIFTY50-INDEX,60,2025-01-29 09:15:00+05:30,2025-01-29 15:15:00+05:30,23067.15,23176.2,4,48,99617.79999999997
23ME3EP03,1,NSE:NIFTY50-INDEX,60,2025-01-30 09:15:00+05:30,2025-01-30 13:15:00+05:30,23271.4,23167.6,4,48,99154.59999999996
23ME3EP03,1,NSE:NIFTY50-INDEX,60,2025-01-31 09:15:00+05:30,2025-01-31 15:15:00+05:30,23340.2,23533.85,4,48,99881.19999999995
23ME3EP03,1,NSE:NIFTY50-INDEX,60,2025-02-01 12:15:00+05:30,2025-02-01 15:15:00+05:30,23373.4,23495.3,4,48,100320.79999999994
23ME3EP03,1,NSE:NIFTY50-INDEX,60,2025-02-03 12:15:00+05:30,2025-02-03 14:15:00+05:30,23360.7,23366.9,4,48,100297.59999999995
23ME3EP03,1,NSE:NIFTY50-INDEX,60,2025-02-04 11:15:00+05:30,2025-02-04 15:15:00+05:30,23565.4,23707.7,4,48,100818.79999999994
23ME3EP03,1,NSE:NIFTY50-INDEX,60,2025-02-07 14:15:00+05:30,2025-02-07 15:15:00+05:30,23573.7,23563.15,4,48,100728.59999999995
23ME3EP03,1,NSE:NIFTY50-INDEX,60,2025-02-13 14:15:00+05:30,2025-02-13 15:15:00+05:30,23030.15,23019.4,4,48,100637.59999999995
23ME3EP03,1,NSE:NIFTY50-INDEX,60,2025-02-14 09:15:00+05:30,2025-02-14 14:15:00+05:30,23043.0,22933.4,4,48,100151.19999999995
23ME3EP03,1,NSE:NIFTY50-INDEX,60,2025-02-18 10:15:00+05:30,2025-02-18 13:15:00+05:30,22813.7,22917.25,4,48,100517.39999999995
23ME3EP03,1,NSE:NIFTY50-INDEX,60,2025-02-19 11:15:00+05:30,2025-02-19 12:15:00+05:30,22999.35,22938.85,4,48,100227.39999999995
23ME3EP03,1,NSE:NIFTY50-INDEX,60,2025-03-05 10:15:00+05:30,2025-03-05 15:15:00+05:30,22282.35,22346.65,4,48,100436.59999999996
23ME3EP03,1,NSE:NIFTY50-INDEX,60,2025-03-06 10:15:00+05:30,2025-03-06 15:15:00+05:30,22436.25,22529.2,4,48,100760.39999999997
23ME3EP03,1,NSE:NIFTY50-INDEX,60,2025-03-07 09:15:00+05:30,2025-03-07 11:15:00+05:30,22605.7,22526.85,4,48,100396.99999999996
23ME3EP03,1,NSE:NIFTY50-INDEX,60,2025-03-10 09:15:00+05:30,2025-03-10 11:15:00+05:30,22631.75,22587.5,4,48,100171.99999999996
23ME3EP03,1,NSE:NIFTY50-INDEX,60,2025-03-12 10:15:00+05:30,2025-03-12 13:15:00+05:30,22416.45,22437.0,4,48,100206.19999999995
23ME3EP03,1,NSE:NIFTY50-INDEX,60,2025-03-13 13:15:00+05:30,2025-03-13 15:15:00+05:30,22432.3,22383.3,4,48,99962.19999999995
23ME3EP03,1,NSE:NIFTY50-INDEX,60,2025-03-17 09:15:00+05:30,2025-03-17 11:15:00+05:30,22513.4,22510.1,4,48,99900.99999999994
23ME3EP03,1,NSE:NIFTY50-INDEX,60,2025-03-18 09:15:00+05:30,2025-03-18 15:15:00+05:30,22745.35,22848.75,4,48,100266.59999999995
23ME3EP03,1,NSE:NIFTY50-INDEX,60,2025-03-20 09:15:00+05:30,2025-03-20 15:15:00+05:30,22987.65,23165.7,4,48,100930.79999999994
23ME3EP03,1,NSE:NIFTY50-INDEX,60,2025-03-21 09:15:00+05:30,2025-03-21 15:15:00+05:30,23257.3,23355.65,4,48,101276.19999999995
23ME3EP03,1,NSE:NIFTY50-INDEX,60,2025-03-24 09:15:00+05:30,2025-03-24 15:15:00+05:30,23544.05,23674.15,4,48,101748.59999999996
23ME3EP03,1,NSE:NIFTY50-INDEX,60,2025-03-25 09:15:00+05:30,2025-03-25 12:15:00+05:30,23770.4,23676.0,4,48,101322.99999999996
23ME3EP03,1,NSE:NIFTY50-INDEX,60,2025-03-27 09:15:00+05:30,2025-03-27 10:15:00+05:30,23600.35,23602.9,4,48,101285.19999999997
23ME3EP03,1,NSE:NIFTY50-INDEX,60,2025-04-03 11:15:00+05:30,2025-04-03 15:15:00+05:30,23273.5,23241.6,4,48,101109.59999999996
23ME3EP03,1,NSE:NIFTY50-INDEX,60,2025-04-09 10:15:00+05:30,2025-04-09 15:15:00+05:30,22374.55,22420.4,4,48,101244.99999999997
23ME3EP03,1,NSE:NIFTY50-INDEX,60,2025-04-11 09:15:00+05:30,2025-04-11 13:15:00+05:30,22832.7,22785.55,4,48,101008.39999999997
23ME3EP03,1,NSE:NIFTY50-INDEX,60,2025-04-15 09:15:00+05:30,2025-04-15 15:15:00+05:30,23312.1,23344.1,4,48,101088.39999999997
23ME3EP03,1,NSE:NIFTY50-INDEX,60,2025-04-17 11:15:00+05:30,2025-04-17 15:15:00+05:30,23634.45,23837.75,4,48,101853.59999999996
23ME3EP03,1,NSE:NIFTY50-INDEX,60,2025-04-21 09:15:00+05:30,2025-04-21 15:15:00+05:30,24033.45,24121.2,4,48,102156.59999999996
23ME3EP03,1,NSE:NIFTY50-INDEX,60,2025-04-22 14:15:00+05:30,2025-04-22 15:15:00+05:30,24161.15,24134.05,4,48,102000.19999999995
23ME3EP03,1,NSE:NIFTY50-INDEX,60,2025-04-23 13:15:00+05:30,2025-04-23 15:15:00+05:30,24303.45,24300.85,3,48,101944.39999999995
23ME3EP03,1,NSE:NIFTY50-INDEX,60,2025-04-24 13:15:00+05:30,2025-04-24 15:15:00+05:30,24247.1,24245.05,3,48,101890.24999999996
23ME3EP03,1,NSE:NIFTY50-INDEX,60,2025-04-28 09:15:00+05:30,2025-04-28 10:15:00+05:30,24275.85,24235.0,3,48,101719.69999999995
23ME3EP03,1,NSE:NIFTY50-INDEX,60,2025-05-02 09:15:00+05:30,2025-05-02 11:15:00+05:30,24581.95,24315.0,3,48,100870.84999999995
23ME3EP03,1,NSE:NIFTY50-INDEX,60,2025-05-02 12:15:00+05:30,2025-05-02 15:15:00+05:30,24297.0,24313.65,3,48,100872.79999999996
23ME3EP03,1,NSE:NIFTY50-INDEX,60,2025-05-12 09:15:00+05:30,2025-05-12 15:15:00+05:30,24682.65,24920.25,3,48,101537.59999999995
23ME3EP03,1,NSE:NIFTY50-INDEX,60,2025-05-13 10:15:00+05:30,2025-05-13 15:15:00+05:30,24724.55,24593.65,3,48,101096.89999999995
23ME3EP03,1,NSE:NIFTY50-INDEX,60,2025-05-14 13:15:00+05:30,2025-05-14 15:15:00+05:30,24615.0,24685.75,3,48,101261.14999999995
23ME3EP03,1,NSE:NIFTY50-INDEX,60,2025-05-15 10:15:00+05:30,2025-05-15 15:15:00+05:30,24617.25,25035.3,3,48,102467.29999999994
23ME3EP03,1,NSE:NIFTY50-INDEX,60,2025-05-20 10:15:00+05:30,2025-05-20 11:15:00+05:30,24920.75,24859.2,3,48,102234.64999999995
23ME3EP03,1,NSE:NIFTY50-INDEX,60,2025-05-21 09:15:00+05:30,2025-05-21 10:15:00+05:30,24869.2,24896.95,3,48,102269.89999999995
23ME3EP03,1,NSE:NIFTY50-INDEX,60,2025-05-21 12:15:00+05:30,2025-05-21 15:15:00+05:30,24800.05,24800.95,3,48,102224.59999999995
23ME3EP03,1,NSE:NIFTY50-INDEX,60,2025-05-23 10:15:00+05:30,2025-05-23 15:15:00+05:30,24890.1,24845.15,3,48,102041.74999999996
23ME3EP03,1,NSE:NIFTY50-INDEX,60,2025-05-26 09:15:00+05:30,2025-05-26 15:15:00+05:30,25044.15,24996.35,3,48,101850.34999999995
23ME3EP03,1,NSE:NIFTY50-INDEX,60,2025-05-27 10:15:00+05:30,2025-05-27 12:15:00+05:30,24877.65,24829.85,3,48,101658.94999999994
23ME3EP03,1,NSE:NIFTY50-INDEX,60,2025-05-28 10:15:00+05:30,2025-05-28 12:15:00+05:30,24768.05,24791.35,3,48,101680.84999999993
23ME3EP03,1,NSE:NIFTY50-INDEX,60,2025-06-05 09:15:00+05:30,2025-06-05 13:15:00+05:30,24732.25,24713.55,3,48,101576.74999999993
23ME3EP03,1,NSE:NIFTY50-INDEX,60,2025-06-06 10:15:00+05:30,2025-06-06 15:15:00+05:30,24983.05,25000.3,3,48,101580.49999999993
23ME3EP03,1,NSE:NIFTY50-INDEX,60,2025-06-09 09:15:00+05:30,2025-06-09 15:15:00+05:30,25119.15,25103.1,3,48,101484.34999999992
23ME3EP03,1,NSE:NIFTY50-INDEX,60,2025-06-10 09:15:00+05:30,2025-06-10 14:15:00+05:30,25156.9,25104.7,3,48,101279.74999999991
23ME3EP03,1,NSE:NIFTY50-INDEX,60,2025-06-11 11:15:00+05:30,2025-06-11 13:15:00+05:30,25205.95,25127.85,3,48,100997.44999999991
23ME3EP03,1,NSE:NIFTY50-INDEX,60,2025-06-20 09:15:00+05:30,2025-06-20 15:15:00+05:30,24919.05,25079.75,3,48,101431.54999999992
23ME3EP03,1,NSE:NIFTY50-INDEX,60,2025-06-23 10:15:00+05:30,2025-06-23 13:15:00+05:30,24928.55,25015.1,3,48,101643.19999999991
23ME3EP03,1,NSE:NIFTY50-INDEX,60,2025-06-24 14:15:00+05:30,2025-06-24 15:15:00+05:30,25041.5,25071.55,3,48,101685.3499999999
23ME3EP03,1,NSE:NIFTY50-INDEX,60,2025-06-25 09:15:00+05:30,2025-06-25 15:15:00+05:30,25173.9,25236.35,3,48,101824.6999999999
23ME3EP03,1,NSE:NIFTY50-INDEX,60,2025-06-26 09:15:00+05:30,2025-06-26 15:15:00+05:30,25386.2,25530.4,3,48,102209.2999999999
23ME3EP03,1,NSE:NIFTY50-INDEX,60,2025-06-30 10:15:00+05:30,2025-06-30 15:15:00+05:30,25547.85,25507.45,3,48,102040.0999999999
23ME3EP03,1,NSE:NIFTY50-INDEX,60,2025-07-08 12:15:00+05:30,2025-07-08 15:15:00+05:30,25474.95,25523.1,3,48,102136.5499999999
23ME3EP03,1,NSE:NIFTY50-INDEX,60,2025-07-16 10:15:00+05:30,2025-07-16 12:15:00+05:30,25145.75,25214.6,3,48,102295.09999999989
23ME3EP03,1,NSE:NIFTY50-INDEX,60,2025-07-23 11:15:00+05:30,2025-07-23 15:15:00+05:30,25151.85,25209.2,3,48,102419.14999999989
23ME3EP03,1,NSE:NIFTY50-INDEX,60,2025-08-01 09:15:00+05:30,2025-08-01 15:15:00+05:30,24745.65,24572.15,3,48,101850.64999999989
23ME3EP03,1,NSE:NIFTY50-INDEX,60,2025-08-05 10:15:00+05:30,2025-08-05 14:15:00+05:30,24635.0,24667.5,3,48,101900.14999999989
23ME3EP03,1,NSE:NIFTY50-INDEX,60,2025-08-08 10:15:00+05:30,2025-08-08 15:15:00+05:30,24441.05,24350.85,3,48,101581.54999999989
23ME3EP03,1,NSE:NIFTY50-INDEX,60,2025-08-11 13:15:00+05:30,2025-08-11 15:15:00+05:30,24539.45,24562.15,3,48,101601.64999999989
23ME3EP03,1,NSE:NIFTY50-INDEX,60,2025-08-12 09:15:00+05:30,2025-08-12 10:15:00+05:30,24662.35,24544.15,3,48,101199.0499999999
23ME3EP03,1,NSE:NIFTY50-INDEX,60,2025-08-12 14:15:00+05:30,2025-08-12 15:15:00+05:30,24490.25,24485.85,3,48,101137.84999999989
23ME3EP03,1,NSE:NIFTY50-INDEX,60,2025-08-13 09:15:00+05:30,2025-08-13 10:15:00+05:30,24580.5,24583.1,3,48,101097.64999999988
23ME3EP03,1,NSE:NIFTY50-INDEX,60,2025-08-18 09:15:00+05:30,2025-08-18 14:15:00+05:30,24988.1,24870.15,3,48,100695.79999999989
23ME3EP03,1,NSE:NIFTY50-INDEX,60,2025-08-20 10:15:00+05:30,2025-08-20 15:15:00+05:30,25028.05,25047.15,3,48,100705.09999999989
23ME3EP03,1,NSE:NIFTY50-INDEX,60,2025-08-21 09:15:00+05:30,2025-08-21 14:15:00+05:30,25115.15,25081.5,3,48,100556.14999999988
23ME3EP03,1,NSE:NIFTY50-INDEX,60,2025-08-29 10:15:00+05:30,2025-08-29 15:15:00+05:30,24556.45,24433.65,3,48,100139.74999999988
23ME3EP03,1,NSE:NIFTY50-INDEX,60,2025-09-02 09:15:00+05:30,2025-09-02 13:15:00+05:30,24728.75,24561.3,3,48,99589.39999999988
23ME3EP03,1,NSE:NIFTY50-INDEX,60,2025-09-02 14:15:00+05:30,2025-09-02 15:15:00+05:30,24584.8,24575.0,3,48,99511.99999999988
23ME3EP03,1,NSE:NIFTY50-INDEX,60,2025-09-03 09:15:00+05:30,2025-09-03 11:15:00+05:30,24606.75,24630.55,3,48,99535.39999999988
23ME3EP03,1,NSE:NIFTY50-INDEX,60,2025-09-03 14:15:00+05:30,2025-09-03 15:15:00+05:30,24725.35,24713.6,3,48,99452.14999999988
23ME3EP03,1,NSE:NIFTY50-INDEX,60,2025-09-04 09:15:00+05:30,2025-09-04 13:15:00+05:30,24835.7,24765.5,3,48,99193.54999999987
23ME3EP03,1,NSE:NIFTY50-INDEX,60,2025-09-08 11:15:00+05:30,2025-09-08 14:15:00+05:30,24835.75,24768.75,3,48,98944.54999999987
23ME3EP03,1,NSE:NIFTY50-INDEX,60,2025-09-09 09:15:00+05:30,2025-09-09 15:15:00+05:30,24824.1,24878.8,3,48,99060.64999999988
23ME3EP03,1,NSE:NIFTY50-INDEX,60,2025-09-10 09:15:00+05:30,2025-09-10 12:15:00+05:30,25005.45,24959.6,3,48,98875.09999999987
23ME3EP03,1,NSE:NIFTY50-INDEX,60,2025-09-12 09:15:00+05:30,2025-09-12 15:15:00+05:30,25074.7,25107.7,3,48,98926.09999999987
23ME3EP03,1,NSE:NIFTY50-INDEX,60,2025-09-16 09:15:00+05:30,2025-09-16 15:15:00+05:30,25165.05,25254.45,3,48,99146.29999999987
23ME3EP03,1,NSE:NIFTY50-INDEX,60,2025-09-17 09:15:00+05:30,2025-09-17 13:15:00+05:30,25314.15,25304.1,3,48,99068.14999999986
23ME3EP03,1,NSE:NIFTY50-INDEX,60,2025-09-18 09:15:00+05:30,2025-09-18 12:15:00+05:30,25408.0,25361.95,3,48,98881.99999999987
23ME3EP03,1,NSE:NIFTY50-INDEX,60,2025-09-18 14:15:00+05:30,2025-09-18 15:15:00+05:30,25423.05,25420.75,3,48,98827.09999999987
23ME3EP03,1,NSE:NIFTY50-INDEX,60,2025-09-19 12:15:00+05:30,2025-09-19 14:15:00+05:30,25330.65,25318.45,3,48,98742.49999999987
23ME3EP03,1,NSE:NIFTY50-INDEX,60,2025-09-24 11:15:00+05:30,2025-09-24 12:15:00+05:30,25092.55,25131.65,3,48,98811.79999999987
23ME3EP03,1,NSE:NIFTY50-INDEX,60,2025-10-01 11:15:00+05:30,2025-10-01 15:15:00+05:30,24803.35,24853.4,3,48,98913.94999999988
23ME3EP03,1,NSE:NIFTY50-INDEX,60,2025-10-03 14:15:00+05:30,2025-10-03 15:15:00+05:30,24888.5,24895.0,3,48,98885.44999999988
23ME3EP03,1,NSE:NIFTY50-INDEX,60,2025-10-06 09:15:00+05:30,2025-10-06 15:15:00+05:30,24968.9,25072.55,3,48,99148.39999999988
23ME3EP03,1,NSE:NIFTY50-INDEX,60,2025-10-07 09:15:00+05:30,2025-10-07 14:15:00+05:30,25183.65,25091.0,3,48,98822.44999999987
23ME3EP03,1,NSE:NIFTY50-INDEX,60,2025-10-09 14:15:00+05:30,2025-10-09 15:15:00+05:30,25177.7,25170.3,3,48,98752.24999999985
23ME3EP03,1,NSE:NIFTY50-INDEX,60,2025-10-10 09:15:00+05:30,2025-10-10 15:15:00+05:30,25262.45,25278.2,3,48,98751.49999999985
23ME3EP03,1,NSE:NIFTY50-INDEX,60,2025-10-15 12:15:00+05:30,2025-10-15 15:15:00+05:30,25325.5,25327.75,3,48,98710.24999999985
23ME3EP03,1,NSE:NIFTY50-INDEX,60,2025-10-16 09:15:00+05:30,2025-10-16 15:15:00+05:30,25423.45,25566.3,3,48,99090.79999999984
23ME3EP03,1,NSE:NIFTY50-INDEX,60,2025-10-17 09:15:00+05:30,2025-10-17 12:15:00+05:30,25670.15,25668.75,3,48,99038.59999999983
23ME3EP03,1,NSE:NIFTY50-INDEX,60,2025-10-20 09:15:00+05:30,2025-10-20 14:15:00+05:30,25856.55,25846.3,3,48,98959.84999999983
23ME3EP03,1,NSE:NIFTY50-INDEX,60,2025-10-21 13:15:00+05:30,2025-10-21 14:15:00+05:30,25896.9,25833.3,3,48,98721.04999999983
23ME3EP03,1,NSE:NIFTY50-INDEX,60,2025-10-23 09:15:00+05:30,2025-10-23 13:15:00+05:30,26095.9,25958.55,3,48,98260.99999999983
23ME3EP03,1,NSE:NIFTY50-INDEX,60,2025-10-23 14:15:00+05:30,2025-10-23 15:15:00+05:30,25865.35,25870.3,3,48,98227.84999999983
23ME3EP03,1,NSE:NIFTY50-INDEX,60,2025-10-24 09:15:00+05:30,2025-10-24 15:15:00+05:30,25876.2,25797.45,3,48,97943.59999999983
23ME3EP03,1,NSE:NIFTY50-INDEX,60,2025-10-29 11:15:00+05:30,2025-10-29 15:15:00+05:30,26054.75,26068.3,3,48,97936.24999999983
23ME3EP03,1,NSE:NIFTY50-INDEX,60,2025-10-30 10:15:00+05:30,2025-10-30 15:15:00+05:30,25956.1,25891.2,3,48,97693.54999999983
23ME3EP03,1,NSE:NIFTY50-INDEX,60,2025-11-10 10:15:00+05:30,2025-11-10 14:15:00+05:30,25629.9,25565.45,3,48,97452.19999999982
23ME3EP03,1,NSE:NIFTY50-INDEX,60,2025-11-11 09:15:00+05:30,2025-11-11 12:15:00+05:30,25501.95,25588.35,3,48,97663.39999999982
23ME3EP03,1,NSE:NIFTY50-INDEX,60,2025-11-12 09:15:00+05:30,2025-11-12 15:15:00+05:30,25839.85,25874.0,3,48,97717.84999999983
23ME3EP03,1,NSE:NIFTY50-INDEX,60,2025-11-13 10:15:00+05:30,2025-11-13 13:15:00+05:30,25963.35,25894.45,3,48,97463.14999999983
23ME3EP03,1,NSE:NIFTY50-INDEX,60,2025-11-13 14:15:00+05:30,2025-11-13 15:15:00+05:30,25878.55,25884.1,3,48,97431.79999999983
23ME3EP03,1,NSE:NIFTY50-INDEX,60,2025-11-14 10:15:00+05:30,2025-11-14 14:15:00+05:30,25855.25,25930.2,3,48,97608.64999999983
23ME3EP03,1,NSE:NIFTY50-INDEX,60,2025-11-18 10:15:00+05:30,2025-11-18 13:15:00+05:30,25933.9,25988.7,3,48,97725.04999999983
23ME3EP03,1,NSE:NIFTY50-INDEX,60,2025-11-20 09:15:00+05:30,2025-11-20 15:15:00+05:30,26099.65,26197.4,3,48,97970.29999999983
23ME3EP03,1,NSE:NIFTY50-INDEX,60,2025-11-21 10:15:00+05:30,2025-11-21 13:15:00+05:30,26106.7,26147.15,3,48,98043.64999999983
23ME3EP03,1,NSE:NIFTY50-INDEX,60,2025-11-25 09:15:00+05:30,2025-11-25 13:15:00+05:30,26018.6,26020.25,3,48,98000.59999999983
23ME3EP03,1,NSE:NIFTY50-INDEX,60,2025-11-26 11:15:00+05:30,2025-11-26 15:15:00+05:30,26156.95,26203.5,3,48,98092.24999999983
23ME3EP03,1,NSE:NIFTY50-INDEX,60,2025-11-27 09:15:00+05:30,2025-11-27 12:15:00+05:30,26282.7,26177.25,3,48,97727.89999999982
23ME3EP03,1,NSE:NIFTY50-INDEX,60,2025-11-27 13:15:00+05:30,2025-11-27 15:15:00+05:30,26180.5,26219.85,3,48,97797.94999999981
23ME3EP03,1,NSE:NIFTY50-INDEX,60,2025-12-01 09:15:00+05:30,2025-12-01 11:15:00+05:30,26284.95,26175.65,3,48,97422.04999999981
23ME3EP03,1,NSE:NIFTY50-INDEX,60,2025-12-05 09:15:00+05:30,2025-12-05 15:15:00+05:30,26078.55,26176.65,3,48,97668.34999999982
23ME3EP03,1,NSE:NIFTY50-INDEX,60,2025-12-10 09:15:00+05:30,2025-12-10 15:15:00+05:30,25919.85,25742.65,3,48,97088.74999999983
23ME3EP03,1,NSE:NIFTY50-INDEX,60,2025-12-11 14:15:00+05:30,2025-12-11 15:15:00+05:30,25895.45,25898.4,3,48,97049.59999999983
23ME3EP03,1,NSE:NIFTY50-INDEX,60,2025-12-12 09:15:00+05:30,2025-12-12 15:15:00+05:30,25989.15,26043.0,3,48,97163.14999999982
23ME3EP03,1,NSE:NIFTY50-INDEX,60,2025-12-15 10:15:00+05:30,2025-12-15 11:15:00+05:30,25980.95,26018.55,3,48,97227.94999999981
23ME3EP03,1,NSE:NIFTY50-INDEX,60,2025-12-19 09:15:00+05:30,2025-12-19 15:15:00+05:30,25935.6,25961.4,3,48,97257.34999999982
23ME3EP03,1,NSE:NIFTY50-INDEX,60,2025-12-22 09:15:00+05:30,2025-12-22 15:15:00+05:30,26129.25,26162.75,3,48,97309.84999999982
23ME3EP03,1,NSE:NIFTY50-INDEX,60,2025-12-24 09:15:00+05:30,2025-12-24 11:15:00+05:30,26227.2,26192.0,3,48,97156.24999999981
23ME3EP03,1,NSE:RELIANCE-EQ,60,2025-01-10 10:15:00+05:30,2025-01-10 15:15:00+05:30,1252.95,1245.55,75,48,99397.0
23ME3EP03,1,NSE:RELIANCE-EQ,60,2025-01-14 12:15:00+05:30,2025-01-14 15:15:00+05:30,1231.1,1239.5,76,48,99987.40000000001
23ME3EP03,1,NSE:RELIANCE-EQ,60,2025-01-16 09:15:00+05:30,2025-01-16 15:15:00+05:30,1256.2,1275.0,75,48,101349.40000000001
23ME3EP03,1,NSE:RELIANCE-EQ,60,2025-01-17 09:15:00+05:30,2025-01-17 15:15:00+05:30,1288.8,1300.0,74,48,102130.20000000001
23ME3EP03,1,NSE:RELIANCE-EQ,60,2025-01-20 09:15:00+05:30,2025-01-20 11:15:00+05:30,1313.0,1302.9,73,48,101344.90000000002
23ME3EP03,1,NSE:RELIANCE-EQ,60,2025-01-21 11:15:00+05:30,2025-01-21 15:15:00+05:30,1290.15,1277.0,74,48,100323.80000000002
23ME3EP03,1,NSE:RELIANCE-EQ,60,2025-01-28 10:15:00+05:30,2025-01-28 15:15:00+05:30,1231.25,1235.0,77,48,100564.55000000002
23ME3EP03,1,NSE:RELIANCE-EQ,60,2025-01-30 10:15:00+05:30,2025-01-30 13:15:00+05:30,1246.85,1247.55,76,48,100569.75000000001
23ME3EP03,1,NSE:RELIANCE-EQ,60,2025-01-31 10:15:00+05:30,2025-01-31 15:15:00+05:30,1258.95,1266.0,75,48,101050.50000000001
23ME3EP03,1,NSE:RELIANCE-EQ,60,2025-02-03 10:15:00+05:30,2025-02-03 15:15:00+05:30,1252.6,1247.0,76,48,100576.90000000002
23ME3EP03,1,NSE:RELIANCE-EQ,60,2025-02-04 12:15:00+05:30,2025-02-04 15:15:00+05:30,1276.2,1282.9,74,48,101024.70000000003
23ME3EP03,1,NSE:RELIANCE-EQ,60,2025-02-06 09:15:00+05:30,2025-02-06 15:15:00+05:30,1278.0,1283.0,75,48,101351.70000000003
23ME3EP03,1,NSE:RELIANCE-EQ,60,2025-02-07 10:15:00+05:30,2025-02-07 15:15:00+05:30,1271.65,1266.5,75,48,100917.45000000003
23ME3EP03,1,NSE:RELIANCE-EQ,60,2025-02-14 11:15:00+05:30,2025-02-14 15:15:00+05:30,1209.35,1215.3,79,48,101339.50000000003
23ME3EP03,1,NSE:RELIANCE-EQ,60,2025-03-05 09:15:00+05:30,2025-03-05 15:15:00+05:30,1169.7,1177.15,82,48,101902.40000000004
23ME3EP03,1,NSE:RELIANCE-EQ,60,2025-03-06 09:15:00+05:30,2025-03-06 15:15:00+05:30,1189.4,1211.5,81,48,103644.50000000003
23ME3EP03,1,NSE:RELIANCE-EQ,60,2025-03-07 09:15:00+05:30,2025-03-07 15:15:00+05:30,1236.3,1247.0,79,48,104441.80000000003
23ME3EP03,1,NSE:RELIANCE-EQ,60,2025-03-12 10:15:00+05:30,2025-03-12 11:15:00+05:30,1252.65,1246.45,79,48,103904.00000000003
23ME3EP03,1,NSE:RELIANCE-EQ,60,2025-03-13 09:15:00+05:30,2025-03-13 11:15:00+05:30,1261.7,1256.05,78,48,103415.30000000002
23ME3EP03,1,NSE:RELIANCE-EQ,60,2025-03-17 09:15:00+05:30,2025-03-17 15:15:00+05:30,1243.8,1241.55,78,48,103191.80000000002
23ME3EP03,1,NSE:RELIANCE-EQ,60,2025-03-20 09:15:00+05:30,2025-03-20 15:15:00+05:30,1256.35,1268.2,78,48,104068.10000000003
23ME3EP03,1,NSE:RELIANCE-EQ,60,2025-03-21 09:15:00+05:30,2025-03-21 15:15:00+05:30,1275.5,1277.5,77,48,104174.10000000003
23ME3EP03,1,NSE:RELIANCE-EQ,60,2025-03-24 09:15:00+05:30,2025-03-24 15:15:00+05:30,1288.75,1302.65,76,48,105182.50000000004
23ME3EP03,1,NSE:RELIANCE-EQ,60,2025-03-25 10:15:00+05:30,2025-03-25 15:15:00+05:30,1288.85,1285.25,77,48,104857.30000000005
23ME3EP03,1,NSE:RELIANCE-EQ,60,2025-03-27 09:15:00+05:30,2025-03-27 15:15:00+05:30,1282.65,1280.0,77,48,104605.25000000004
23ME3EP03,1,NSE:RELIANCE-EQ,60,2025-04-01 09:15:00+05:30,2025-04-01 15:15:00+05:30,1271.9,1254.0,78,48,103161.05000000003
23ME3EP03,1,NSE:RELIANCE-EQ,60,2025-04-03 10:15:00+05:30,2025-04-03 15:15:00+05:30,1248.05,1248.5,78,48,103148.15000000004
23ME3EP03,1,NSE:RELIANCE-EQ,60,2025-04-11 09:15:00+05:30,2025-04-11 15:15:00+05:30,1212.8,1220.0,80,48,103676.15000000004
23ME3EP03,1,NSE:RELIANCE-EQ,60,2025-04-15 09:15:00+05:30,2025-04-15 15:15:00+05:30,1241.7,1239.6,79,48,103462.25000000003
23ME3EP03,1,NSE:RELIANCE-EQ,60,2025-04-17 10:15:00+05:30,2025-04-17 12:15:00+05:30,1242.1,1267.3,79,48,105405.05000000003
23ME3EP03,1,NSE:RELIANCE-EQ,60,2025-04-21 09:15:00+05:30,2025-04-21 15:15:00+05:30,1284.1,1295.4,77,48,106227.15000000005
23ME3EP03,1,NSE:RELIANCE-EQ,60,2025-04-23 09:15:00+05:30,2025-04-23 15:15:00+05:30,1294.3,1298.3,77,48,106487.15000000005
23ME3EP03,1,NSE:RELIANCE-EQ,60,2025-04-24 10:15:00+05:30,2025-04-24 15:15:00+05:30,1295.3,1303.3,78,48,107063.15000000005
23ME3EP03,1,NSE:RELIANCE-EQ,60,2025-04-25 11:15:00+05:30,2025-04-25 15:15:00+05:30,1293.2,1300.9,78,48,107615.75000000006
23ME3EP03,1,NSE:RELIANCE-EQ,60,2025-04-28 09:15:00+05:30,2025-04-28 15:15:00+05:30,1348.3,1366.6,75,48,108940.25000000006
23ME3EP03,1,NSE:RELIANCE-EQ,60,2025-04-29 09:15:00+05:30,2025-04-29 15:15:00+05:30,1387.1,1398.9,74,48,109765.45000000007
23ME3EP03,1,NSE:RELIANCE-EQ,60,2025-04-30 11:15:00+05:30,2025-04-30 14:15:00+05:30,1409.1,1406.4,73,48,109520.35000000008
23ME3EP03,1,NSE:RELIANCE-EQ,60,2025-05-06 10:15:00+05:30,2025-05-06 15:15:00+05:30,1414.7,1418.0,73,48,109713.25000000007
23ME3EP03,1,NSE:RELIANCE-EQ,60,2025-05-08 09:15:00+05:30,2025-05-08 15:15:00+05:30,1411.2,1398.0,73,48,108701.65000000007
23ME3EP03,1,NSE:RELIANCE-EQ,60,2025-05-14 09:15:00+05:30,2025-05-14 15:15:00+05:30,1429.0,1425.4,72,48,108394.45000000007
23ME3EP03,1,NSE:RELIANCE-EQ,60,2025-05-15 10:15:00+05:30,2025-05-15 13:15:00+05:30,1423.1,1453.8,72,48,110556.85000000008
23ME3EP03,1,NSE:RELIANCE-EQ,60,2025-05-16 12:15:00+05:30,2025-05-16 15:15:00+05:30,1457.8,1454.5,72,48,110271.25000000009
23ME3EP03,1,NSE:RELIANCE-EQ,60,2025-05-19 10:15:00+05:30,2025-05-19 15:15:00+05:30,1448.8,1442.2,72,48,109748.05000000009
23ME3EP03,1,NSE:RELIANCE-EQ,60,2025-05-21 12:15:00+05:30,2025-05-21 15:15:00+05:30,1426.1,1428.2,73,48,109853.3500000001
23ME3EP03,1,NSE:RELIANCE-EQ,60,2025-05-26 09:15:00+05:30,2025-05-26 14:15:00+05:30,1438.5,1434.1,72,48,109488.55000000009
23ME3EP03,1,NSE:RELIANCE-EQ,60,2025-05-27 10:15:00+05:30,2025-05-27 15:15:00+05:30,1424.8,1424.2,72,48,109397.3500000001
23ME3EP03,1,NSE:RELIANCE-EQ,60,2025-05-28 12:15:00+05:30,2025-05-28 15:15:00+05:30,1416.3,1412.5,73,48,109071.9500000001
23ME3EP03,1,NSE:RELIANCE-EQ,60,2025-05-29 09:15:00+05:30,2025-05-29 15:15:00+05:30,1414.0,1418.4,73,48,109345.15000000011
23ME3EP03,1,NSE:RELIANCE-EQ,60,2025-05-30 12:15:00+05:30,2025-05-30 15:15:00+05:30,1415.9,1417.5,73,48,109413.9500000001
23ME3EP03,1,NSE:RELIANCE-EQ,60,2025-06-02 10:15:00+05:30,2025-06-02 15:15:00+05:30,1405.3,1412.6,73,48,109898.8500000001
23ME3EP03,1,NSE:RELIANCE-EQ,60,2025-06-04 09:15:00+05:30,2025-06-04 14:15:00+05:30,1408.1,1424.0,74,48,111027.4500000001
23ME3EP03,1,NSE:RELIANCE-EQ,60,2025-06-05 09:15:00+05:30,2025-06-05 15:15:00+05:30,1441.5,1442.7,73,48,111067.0500000001
23ME3EP03,1,NSE:RELIANCE-EQ,60,2025-06-10 12:15:00+05:30,2025-06-10 15:15:00+05:30,1440.6,1437.3,73,48,110778.15000000011
23ME3EP03,1,NSE:RELIANCE-EQ,60,2025-06-11 09:15:00+05:30,2025-06-11 15:15:00+05:30,1456.8,1448.0,72,48,110096.55000000012
23ME3EP03,1,NSE:RELIANCE-EQ,60,2025-06-12 09:15:00+05:30,2025-06-12 15:15:00+05:30,1449.7,1439.5,72,48,109314.15000000011
23ME3EP03,1,NSE:RELIANCE-EQ,60,2025-06-13 11:15:00+05:30,2025-06-13 15:15:00+05:30,1432.0,1427.5,72,48,108942.15000000011
23ME3EP03,1,NSE:RELIANCE-EQ,60,2025-06-17 10:15:00+05:30,2025-06-17 15:15:00+05:30,1428.9,1430.0,72,48,108973.35000000011
23ME3EP03,1,NSE:RELIANCE-EQ,60,2025-06-20 09:15:00+05:30,2025-06-20 15:15:00+05:30,1447.8,1464.1,71,48,110082.65000000011
23ME3EP03,1,NSE:RELIANCE-EQ,60,2025-06-23 10:15:00+05:30,2025-06-23 15:15:00+05:30,1452.0,1456.0,72,48,110322.65000000011
23ME3EP03,1,NSE:RELIANCE-EQ,60,2025-06-26 09:15:00+05:30,2025-06-26 15:15:00+05:30,1485.0,1495.9,70,48,111037.65000000011
23ME3EP03,1,NSE:RELIANCE-EQ,60,2025-06-27 09:15:00+05:30,2025-06-27 15:15:00+05:30,1501.4,1514.0,70,48,111871.65000000011
23ME3EP03,1,NSE:RELIANCE-EQ,60,2025-06-30 09:15:00+05:30,2025-06-30 10:15:00+05:30,1523.9,1515.0,69,48,111209.5500000001
23ME3EP03,1,NSE:RELIANCE-EQ,60,2025-07-01 09:15:00+05:30,2025-07-01 13:15:00+05:30,1513.0,1530.9,69,48,112396.65000000011
23ME3EP03,1,NSE:RELIANCE-EQ,60,2025-07-02 12:15:00+05:30,2025-07-02 15:15:00+05:30,1513.5,1517.1,70,48,112600.65000000011
23ME3EP03,1,NSE:RELIANCE-EQ,60,2025-07-04 09:15:00+05:30,2025-07-04 15:15:00+05:30,1522.2,1528.1,70,48,112965.6500000001
23ME3EP03,1,NSE:RELIANCE-EQ,60,2025-07-07 12:15:00+05:30,2025-07-07 15:15:00+05:30,1541.5,1540.5,69,48,112848.6500000001
23ME3EP03,1,NSE:RELIANCE-EQ,60,2025-07-16 10:15:00+05:30,2025-07-16 15:15:00+05:30,1479.9,1486.2,72,48,113254.25000000009
23ME3EP03,1,NSE:RELIANCE-EQ,60,2025-07-17 10:15:00+05:30,2025-07-17 15:15:00+05:30,1481.8,1478.7,72,48,112983.05000000009
23ME3EP03,1,NSE:RELIANCE-EQ,60,2025-07-24 10:15:00+05:30,2025-07-24 15:15:00+05:30,1413.1,1402.8,75,48,112162.55000000009
23ME3EP03,1,NSE:RELIANCE-EQ,60,2025-07-28 09:15:00+05:30,2025-07-28 15:15:00+05:30,1399.1,1387.1,76,48,111202.55000000009
23ME3EP03,1,NSE:RELIANCE-EQ,60,2025-07-29 09:15:00+05:30,2025-07-29 14:15:00+05:30,1395.8,1415.9,75,48,112662.0500000001
23ME3EP03,1,NSE:RELIANCE-EQ,60,2025-08-01 09:15:00+05:30,2025-08-01 15:15:00+05:30,1401.2,1394.1,76,48,112074.4500000001
23ME3EP03,1,NSE:RELIANCE-EQ,60,2025-08-04 10:15:00+05:30,2025-08-04 14:15:00+05:30,1413.3,1410.9,75,48,111846.45000000011
23ME3EP03,1,NSE:RELIANCE-EQ,60,2025-08-05 10:15:00+05:30,2025-08-05 15:15:00+05:30,1397.5,1390.0,76,48,111228.45000000011
23ME3EP03,1,NSE:RELIANCE-EQ,60,2025-08-08 12:15:00+05:30,2025-08-08 15:15:00+05:30,1374.3,1366.4,76,48,110580.05000000012
23ME3EP03,1,NSE:RELIANCE-EQ,60,2025-08-11 09:15:00+05:30,2025-08-11 15:15:00+05:30,1368.7,1384.7,76,48,111748.05000000012
23ME3EP03,1,NSE:RELIANCE-EQ,60,2025-08-12 09:15:00+05:30,2025-08-12 10:15:00+05:30,1397.2,1385.2,75,48,110800.05000000012
23ME3EP03,1,NSE:RELIANCE-EQ,60,2025-08-14 10:15:00+05:30,2025-08-14 15:15:00+05:30,1377.9,1372.9,76,48,110372.05000000012
23ME3EP03,1,NSE:RELIANCE-EQ,60,2025-08-18 09:15:00+05:30,2025-08-18 15:15:00+05:30,1387.4,1382.9,75,48,109986.55000000012
23ME3EP03,1,NSE:RELIANCE-EQ,60,2025-08-19 09:15:00+05:30,2025-08-19 15:15:00+05:30,1413.3,1421.0,73,48,110500.65000000013
23ME3EP03,1,NSE:RELIANCE-EQ,60,2025-08-22 10:15:00+05:30,2025-08-22 15:15:00+05:30,1414.4,1410.0,74,48,110127.05000000012
23ME3EP03,1,NSE:RELIANCE-EQ,60,2025-09-04 10:15:00+05:30,2025-09-04 15:15:00+05:30,1362.4,1359.1,76,48,109828.2500000001
23ME3EP03,1,NSE:RELIANCE-EQ,60,2025-09-05 09:15:00+05:30,2025-09-05 13:15:00+05:30,1364.4,1374.4,76,48,110540.2500000001
23ME3EP03,1,NSE:RELIANCE-EQ,60,2025-09-08 12:15:00+05:30,2025-09-08 14:15:00+05:30,1383.9,1378.3,75,48,110072.25000000009
23ME3EP03,1,NSE:RELIANCE-EQ,60,2025-09-09 10:15:00+05:30,2025-09-09 15:15:00+05:30,1373.8,1376.9,76,48,110259.8500000001
23ME3EP03,1,NSE:RELIANCE-EQ,60,2025-09-12 10:15:00+05:30,2025-09-12 15:15:00+05:30,1394.0,1395.0,75,48,110286.8500000001
23ME3EP03,1,NSE:RELIANCE-EQ,60,2025-09-15 11:15:00+05:30,2025-09-15 15:15:00+05:30,1394.7,1399.3,75,48,110583.8500000001
23ME3EP03,1,NSE:RELIANCE-EQ,60,2025-09-16 09:15:00+05:30,2025-09-16 11:15:00+05:30,1403.2,1401.2,74,48,110387.8500000001
23ME3EP03,1,NSE:RELIANCE-EQ,60,2025-09-17 09:15:00+05:30,2025-09-17 15:15:00+05:30,1410.0,1413.0,74,48,110561.8500000001
23ME3EP03,1,NSE:RELIANCE-EQ,60,2025-09-18 09:15:00+05:30,2025-09-18 12:15:00+05:30,1417.9,1412.3,74,48,110099.45000000008
23ME3EP03,1,NSE:RELIANCE-EQ,60,2025-09-19 11:15:00+05:30,2025-09-19 15:15:00+05:30,1408.0,1407.6,74,48,110021.85000000008
23ME3EP03,1,NSE:RELIANCE-EQ,60,2025-09-22 12:15:00+05:30,2025-09-22 15:15:00+05:30,1407.2,1390.9,74,48,108767.65000000008
23ME3EP03,1,NSE:RELIANCE-EQ,60,2025-09-26 10:15:00+05:30,2025-09-26 15:15:00+05:30,1374.9,1379.0,75,48,109027.15000000008
23ME3EP03,1,NSE:RELIANCE-EQ,60,2025-09-30 10:15:00+05:30,2025-09-30 15:15:00+05:30,1366.4,1364.0,75,48,108799.15000000008
23ME3EP03,1,NSE:RELIANCE-EQ,60,2025-10-01 09:15:00+05:30,2025-10-01 15:15:00+05:30,1373.5,1370.0,75,48,108488.65000000008
23ME3EP03,1,NSE:RELIANCE-EQ,60,2025-10-03 10:15:00+05:30,2025-10-03 15:15:00+05:30,1359.0,1363.4,75,48,108770.65000000008
23ME3EP03,1,NSE:RELIANCE-EQ,60,2025-10-06 12:15:00+05:30,2025-10-06 15:15:00+05:30,1372.9,1374.9,75,48,108872.65000000008
23ME3EP03,1,NSE:RELIANCE-EQ,60,2025-10-07 09:15:00+05:30,2025-10-07 14:15:00+05:30,1387.9,1383.2,74,48,108476.85000000008
23ME3EP03,1,NSE:RELIANCE-EQ,60,2025-10-08 11:15:00+05:30,2025-10-08 15:15:00+05:30,1369.3,1367.3,75,48,108278.85000000008
23ME3EP03,1,NSE:RELIANCE-EQ,60,2025-10-13 10:15:00+05:30,2025-10-13 15:15:00+05:30,1370.0,1376.0,75,48,108680.85000000008
23ME3EP03,1,NSE:RELIANCE-EQ,60,2025-10-17 09:15:00+05:30,2025-10-17 15:15:00+05:30,1407.8,1419.1,73,48,109457.75000000007
23ME3EP03,1,NSE:RELIANCE-EQ,60,2025-10-20 09:15:00+05:30,2025-10-20 15:15:00+05:30,1464.8,1468.0,70,48,109633.75000000007
23ME3EP03,1,NSE:RELIANCE-EQ,60,2025-10-23 09:15:00+05:30,2025-10-23 10:15:00+05:30,1477.5,1463.1,70,48,108577.75000000007
23ME3EP03,1,NSE:RELIANCE-EQ,60,2025-10-24 09:15:00+05:30,2025-10-24 15:15:00+05:30,1448.0,1451.1,71,48,108749.85000000006
23ME3EP03,1,NSE:RELIANCE-EQ,60,2025-10-29 09:15:00+05:30,2025-10-29 15:15:00+05:30,1503.6,1504.0,68,48,108729.05000000008
23ME3EP03,1,NSE:RELIANCE-EQ,60,2025-11-06 09:15:00+05:30,2025-11-06 15:15:00+05:30,1493.2,1494.8,69,48,108791.45000000007
23ME3EP03,1,NSE:RELIANCE-EQ,60,2025-11-11 10:15:00+05:30,2025-11-11 15:15:00+05:30,1481.8,1493.8,69,48,109571.45000000007
23ME3EP03,1,NSE:RELIANCE-EQ,60,2025-11-12 10:15:00+05:30,2025-11-12 14:15:00+05:30,1512.7,1512.1,68,48,109482.65000000007
23ME3EP03,1,NSE:RELIANCE-EQ,60,2025-11-17 09:15:00+05:30,2025-11-17 10:15:00+05:30,1519.4,1517.0,68,48,109271.45000000006
23ME3EP03,1,NSE:RELIANCE-EQ,60,2025-11-17 12:15:00+05:30,2025-11-17 15:15:00+05:30,1513.0,1518.0,68,48,109563.45000000006
23ME3EP03,1,NSE:RELIANCE-EQ,60,2025-11-18 11:15:00+05:30,2025-11-18 15:15:00+05:30,1519.9,1520.0,68,48,109522.25000000004
23ME3EP03,1,NSE:RELIANCE-EQ,60,2025-11-19 11:15:00+05:30,2025-11-19 15:15:00+05:30,1517.2,1519.0,68,48,109596.65000000004
23ME3EP03,1,NSE:RELIANCE-EQ,60,2025-11-20 10:15:00+05:30,2025-11-20 15:15:00+05:30,1539.2,1549.5,67,48,110238.75000000003
23ME3EP03,1,NSE:RELIANCE-EQ,60,2025-11-24 09:15:00+05:30,2025-11-24 15:15:00+05:30,1545.0,1534.9,67,48,109514.05000000003
23ME3EP03,1,NSE:RELIANCE-EQ,60,2025-11-25 09:15:00+05:30,2025-11-25 15:15:00+05:30,1556.4,1540.7,66,48,108429.85000000003
23ME3EP03,1,NSE:RELIANCE-EQ,60,2025-12-01 09:15:00+05:30,2025-12-01 14:15:00+05:30,1573.1,1565.0,65,48,107855.35000000003
23ME3EP03,1,NSE:RELIANCE-EQ,60,2025-12-05 09:15:00+05:30,2025-12-05 15:15:00+05:30,1526.2,1544.6,67,48,109040.15000000002
23ME3EP03,1,NSE:RELIANCE-EQ,60,2025-12-09 10:15:00+05:30,2025-12-09 15:15:00+05:30,1531.6,1532.4,67,48,109045.75000000003
23ME3EP03,1,NSE:RELIANCE-EQ,60,2025-12-11 09:15:00+05:30,2025-12-11 15:15:00+05:30,1533.1,1543.0,67,48,109661.05000000003
23ME3EP03,1,NSE:RELIANCE-EQ,60,2025-12-12 11:15:00+05:30,2025-12-12 15:15:00+05:30,1557.0,1554.3,66,48,109434.85000000003
23ME3EP03,1,NSE:RELIANCE-EQ,60,2025-12-15 10:15:00+05:30,2025-12-15 15:15:00+05:30,1550.6,1556.0,67,48,109748.65000000004
23ME3EP03,1,NSE:RELIANCE-EQ,60,2025-12-16 12:15:00+05:30,2025-12-16 15:15:00+05:30,1544.8,1540.6,67,48,109419.25000000003
23ME3EP03,1,NSE:RELIANCE-EQ,60,2025-12-17 12:15:00+05:30,2025-12-17 15:15:00+05:30,1543.2,1545.1,67,48,109498.55000000002
23ME3EP03,1,NSE:RELIANCE-EQ,60,2025-12-18 10:15:00+05:30,2025-12-18 15:15:00+05:30,1542.9,1543.5,67,48,109490.75000000001
23ME3EP03,1,NSE:RELIANCE-EQ,60,2025-12-19 10:15:00+05:30,2025-12-19 14:15:00+05:30,1572.0,1565.1,66,48,108987.35
23ME3EP03,1,NSE:RELIANCE-EQ,60,2025-12-22 09:15:00+05:30,2025-12-22 11:15:00+05:30,1572.2,1566.8,65,48,108588.35
23ME3EP03,1,NSE:RELIANCE-EQ,60,2025-12-24 09:15:00+05:30,2025-12-24 15:15:00+05:30,1569.1,1560.9,65,48,108007.35000000002
23ME3EP03,1,NSE:SUNPHARMA-EQ,60,2025-01-15 10:15:00+05:30,2025-01-15 13:15:00+05:30,1757.4,1754.85,54,48,99814.29999999999
23ME3EP03,1,NSE:SUNPHARMA-EQ,60,2025-01-16 10:15:00+05:30,2025-01-16 11:15:00+05:30,1748.65,1764.65,54,48,100630.29999999999
23ME3EP03,1,NSE:SUNPHARMA-EQ,60,2025-01-20 10:15:00+05:30,2025-01-20 15:15:00+05:30,1782.75,1773.0,53,48,100065.54999999999
23ME3EP03,1,NSE:SUNPHARMA-EQ,60,2025-01-21 09:15:00+05:30,2025-01-21 11:15:00+05:30,1781.95,1792.5,53,48,100576.69999999998
23ME3EP03,1,NSE:SUNPHARMA-EQ,60,2025-01-22 09:15:00+05:30,2025-01-22 10:15:00+05:30,1783.1,1790.45,53,48,100918.24999999999
23ME3EP03,1,NSE:SUNPHARMA-EQ,60,2025-01-23 09:15:00+05:30,2025-01-23 10:15:00+05:30,1821.55,1826.55,52,48,101130.24999999999
23ME3EP03,1,NSE:SUNPHARMA-EQ,60,2025-01-27 09:15:00+05:30,2025-01-27 14:15:00+05:30,1801.3,1790.0,53,48,100483.34999999999
23ME3EP03,1,NSE:SUNPHARMA-EQ,60,2025-01-30 11:15:00+05:30,2025-01-30 14:15:00+05:30,1728.6,1743.55,55,48,101257.59999999999
23ME3EP03,1,NSE:SUNPHARMA-EQ,60,2025-02-03 10:15:00+05:30,2025-02-03 12:15:00+05:30,1722.4,1741.65,55,48,102268.34999999999
23ME3EP03,1,NSE:SUNPHARMA-EQ,60,2025-02-05 09:15:00+05:30,2025-02-05 12:15:00+05:30,1748.15,1748.25,55,48,102225.84999999999
23ME3EP03,1,NSE:SUNPHARMA-EQ,60,2025-02-06 10:15:00+05:30,2025-02-06 11:15:00+05:30,1737.65,1745.2,55,48,102593.09999999999
23ME3EP03,1,NSE:SUNPHARMA-EQ,60,2025-02-07 10:15:00+05:30,2025-02-07 11:15:00+05:30,1735.05,1737.55,56,48,102685.09999999999
23ME3EP03,1,NSE:SUNPHARMA-EQ,60,2025-02-10 10:15:00+05:30,2025-02-10 12:15:00+05:30,1729.35,1738.45,56,48,103146.7
23ME3EP03,1,NSE:SUNPHARMA-EQ,60,2025-02-11 10:15:00+05:30,2025-02-11 15:15:00+05:30,1724.9,1701.6,56,48,101793.9
23ME3EP03,1,NSE:SUNPHARMA-EQ,60,2025-02-12 11:15:00+05:30,2025-02-12 12:15:00+05:30,1704.45,1710.2,56,48,102067.9
23ME3EP03,1,NSE:SUNPHARMA-EQ,60,2025-02-13 09:15:00+05:30,2025-02-13 10:15:00+05:30,1723.15,1717.9,56,48,101725.9
23ME3EP03,1,NSE:SUNPHARMA-EQ,60,2025-02-14 10:15:00+05:30,2025-02-14 15:15:00+05:30,1709.1,1702.0,56,48,101280.3
23ME3EP03,1,NSE:SUNPHARMA-EQ,60,2025-02-18 09:15:00+05:30,2025-02-18 15:15:00+05:30,1720.0,1699.95,55,48,100129.55
23ME3EP03,1,NSE:SUNPHARMA-EQ,60,2025-02-19 09:15:00+05:30,2025-02-19 11:15:00+05:30,1689.25,1697.0,56,48,100515.55
23ME3EP03,1,NSE:SUNPHARMA-EQ,60,2025-02-24 09:15:00+05:30,2025-02-24 13:15:00+05:30,1656.85,1643.55,57,48,99709.45000000001
23ME3EP03,1,NSE:SUNPHARMA-EQ,60,2025-02-25 11:15:00+05:30,2025-02-25 15:15:00+05:30,1617.5,1611.55,58,48,99316.35
23ME3EP03,1,NSE:SUNPHARMA-EQ,60,2025-02-27 09:15:00+05:30,2025-02-27 10:15:00+05:30,1611.5,1615.3,58,48,99488.75
23ME3EP03,1,NSE:SUNPHARMA-EQ,60,2025-02-28 10:15:00+05:30,2025-02-28 11:15:00+05:30,1627.5,1631.0,58,48,99643.75
23ME3EP03,1,NSE:SUNPHARMA-EQ,60,2025-03-03 09:15:00+05:30,2025-03-03 10:15:00+05:30,1598.0,1598.3,59,48,99613.45
23ME3EP03,1,NSE:SUNPHARMA-EQ,60,2025-03-06 09:15:00+05:30,2025-03-06 10:15:00+05:30,1587.05,1592.9,59,48,99910.6
23ME3EP03,1,NSE:SUNPHARMA-EQ,60,2025-03-07 11:15:00+05:30,2025-03-07 13:15:00+05:30,1609.05,1613.2,58,48,100103.30000000002
23ME3EP03,1,NSE:SUNPHARMA-EQ,60,2025-03-13 09:15:00+05:30,2025-03-13 15:15:00+05:30,1681.25,1679.85,56,48,99976.90000000001
23ME3EP03,1,NSE:SUNPHARMA-EQ,60,2025-03-19 10:15:00+05:30,2025-03-19 12:15:00+05:30,1730.55,1734.2,54,48,100126.00000000001
23ME3EP03,1,NSE:SUNPHARMA-EQ,60,2025-03-21 10:15:00+05:30,2025-03-21 15:15:00+05:30,1779.0,1790.75,53,48,100700.75000000001
23ME3EP03,1,NSE:SUNPHARMA-EQ,60,2025-03-25 11:15:00+05:30,2025-03-25 15:15:00+05:30,1768.3,1761.0,54,48,100258.55000000002
23ME3EP03,1,NSE:SUNPHARMA-EQ,60,2025-03-28 10:15:00+05:30,2025-03-28 12:15:00+05:30,1722.0,1723.1,55,48,100271.05000000002
23ME3EP03,1,NSE:SUNPHARMA-EQ,60,2025-04-01 10:15:00+05:30,2025-04-01 14:15:00+05:30,1702.45,1699.2,55,48,100044.30000000002
23ME3EP03,1,NSE:SUNPHARMA-EQ,60,2025-04-04 10:15:00+05:30,2025-04-04 13:15:00+05:30,1699.75,1711.0,55,48,100615.05000000002
23ME3EP03,1,NSE:SUNPHARMA-EQ,60,2025-04-07 09:15:00+05:30,2025-04-07 12:15:00+05:30,1649.5,1660.4,57,48,101188.35000000002
23ME3EP03,1,NSE:SUNPHARMA-EQ,60,2025-04-09 10:15:00+05:30,2025-04-09 15:15:00+05:30,1677.6,1651.75,57,48,99666.90000000002
23ME3EP03,1,NSE:SUNPHARMA-EQ,60,2025-04-11 09:15:00+05:30,2025-04-11 10:15:00+05:30,1695.7,1689.15,55,48,99258.65000000002
23ME3EP03,1,NSE:SUNPHARMA-EQ,60,2025-04-15 09:15:00+05:30,2025-04-15 10:15:00+05:30,1718.2,1709.0,54,48,98713.85000000002
23ME3EP03,1,NSE:SUNPHARMA-EQ,60,2025-04-16 10:15:00+05:30,2025-04-16 13:15:00+05:30,1693.6,1692.8,55,48,98621.85000000002
23ME3EP03,1,NSE:SUNPHARMA-EQ,60,2025-04-17 09:15:00+05:30,2025-04-17 10:15:00+05:30,1705.2,1712.7,54,48,98978.85000000002
23ME3EP03,1,NSE:SUNPHARMA-EQ,60,2025-04-22 11:15:00+05:30,2025-04-22 13:15:00+05:30,1743.4,1748.0,53,48,99174.65000000001
23ME3EP03,1,NSE:SUNPHARMA-EQ,60,2025-04-24 09:15:00+05:30,2025-04-24 15:15:00+05:30,1797.9,1806.9,52,48,99594.65000000001
23ME3EP03,1,NSE:SUNPHARMA-EQ,60,2025-04-25 10:15:00+05:30,2025-04-25 12:15:00+05:30,1780.8,1792.8,53,48,100182.65000000001
23ME3EP03,1,NSE:SUNPHARMA-EQ,60,2025-04-28 09:15:00+05:30,2025-04-28 10:15:00+05:30,1817.9,1829.0,52,48,100711.85
23ME3EP03,1,NSE:SUNPHARMA-EQ,60,2025-04-29 10:15:00+05:30,2025-04-29 15:15:00+05:30,1823.6,1800.2,52,48,99447.05000000002
23ME3EP03,1,NSE:SUNPHARMA-EQ,60,2025-04-30 09:15:00+05:30,2025-04-30 10:15:00+05:30,1834.8,1829.7,51,48,99138.95000000003
23ME3EP03,1,NSE:SUNPHARMA-EQ,60,2025-05-02 09:15:00+05:30,2025-05-02 13:15:00+05:30,1845.2,1831.0,51,48,98366.75000000003
23ME3EP03,1,NSE:SUNPHARMA-EQ,60,2025-05-05 09:15:00+05:30,2025-05-05 10:15:00+05:30,1828.7,1842.0,51,48,98997.05000000003
23ME3EP03,1,NSE:SUNPHARMA-EQ,60,2025-05-06 09:15:00+05:30,2025-05-06 14:15:00+05:30,1819.0,1819.4,51,48,98969.45000000004
23ME3EP03,1,NSE:SUNPHARMA-EQ,60,2025-05-14 11:15:00+05:30,2025-05-14 12:15:00+05:30,1700.4,1706.9,55,48,99278.95000000004
23ME3EP03,1,NSE:SUNPHARMA-EQ,60,2025-05-15 10:15:00+05:30,2025-05-15 11:15:00+05:30,1696.8,1704.1,55,48,99632.45000000004
23ME3EP03,1,NSE:SUNPHARMA-EQ,60,2025-05-16 10:15:00+05:30,2025-05-16 11:15:00+05:30,1724.3,1730.0,54,48,99892.25000000004
23ME3EP03,1,NSE:SUNPHARMA-EQ,60,2025-05-19 09:15:00+05:30,2025-05-19 10:15:00+05:30,1752.4,1746.7,54,48,99536.45000000004
23ME3EP03,1,NSE:SUNPHARMA-EQ,60,2025-05-20 09:15:00+05:30,2025-05-20 10:15:00+05:30,1730.8,1738.3,54,48,99893.45000000004
23ME3EP03,1,NSE:SUNPHARMA-EQ,60,2025-05-22 10:15:00+05:30,2025-05-22 15:15:00+05:30,1723.8,1724.7,55,48,99894.95000000004
23ME3EP03,1,NSE:SUNPHARMA-EQ,60,2025-05-27 10:15:00+05:30,2025-05-27 11:15:00+05:30,1684.6,1684.7,56,48,99852.55000000005
23ME3EP03,1,NSE:SUNPHARMA-EQ,60,2025-05-28 11:15:00+05:30,2025-05-28 15:15:00+05:30,1678.5,1664.0,56,48,98992.55000000005
23ME3EP03,1,NSE:SUNPHARMA-EQ,60,2025-05-29 09:15:00+05:30,2025-05-29 10:15:00+05:30,1680.6,1683.2,55,48,99087.55000000006
23ME3EP03,1,NSE:SUNPHARMA-EQ,60,2025-05-30 10:15:00+05:30,2025-05-30 13:15:00+05:30,1684.8,1686.7,55,48,99144.05000000006
23ME3EP03,1,NSE:SUNPHARMA-EQ,60,2025-06-02 09:15:00+05:30,2025-06-02 10:15:00+05:30,1671.3,1675.2,56,48,99314.45000000007
23ME3EP03,1,NSE:SUNPHARMA-EQ,60,2025-06-03 11:15:00+05:30,2025-06-03 13:15:00+05:30,1668.0,1670.6,56,48,99412.05000000006
23ME3EP03,1,NSE:SUNPHARMA-EQ,60,2025-06-04 10:15:00+05:30,2025-06-04 12:15:00+05:30,1653.6,1659.4,57,48,99694.65000000007
23ME3EP03,1,NSE:SUNPHARMA-EQ,60,2025-06-06 10:15:00+05:30,2025-06-06 11:15:00+05:30,1672.7,1676.0,56,48,99831.45000000007
23ME3EP03,1,NSE:SUNPHARMA-EQ,60,2025-06-09 10:15:00+05:30,2025-06-09 11:15:00+05:30,1684.8,1687.2,56,48,99917.85000000008
23ME3EP03,1,NSE:SUNPHARMA-EQ,60,2025-06-10 11:15:00+05:30,2025-06-10 13:15:00+05:30,1682.4,1690.1,56,48,100301.05000000008
23ME3EP03,1,NSE:SUNPHARMA-EQ,60,2025-06-11 10:15:00+05:30,2025-06-11 11:15:00+05:30,1685.2,1686.5,56,48,100325.85000000008
23ME3EP03,1,NSE:SUNPHARMA-EQ,60,2025-06-13 09:15:00+05:30,2025-06-13 11:15:00+05:30,1679.0,1695.5,56,48,101201.85000000008
23ME3EP03,1,NSE:SUNPHARMA-EQ,60,2025-06-17 09:15:00+05:30,2025-06-17 13:15:00+05:30,1651.3,1654.9,58,48,101362.65000000008
23ME3EP03,1,NSE:SUNPHARMA-EQ,60,2025-06-19 11:15:00+05:30,2025-06-19 12:15:00+05:30,1646.0,1647.2,58,48,101384.25000000009
23ME3EP03,1,NSE:SUNPHARMA-EQ,60,2025-06-20 09:15:00+05:30,2025-06-20 10:15:00+05:30,1658.1,1659.0,58,48,101388.4500000001
23ME3EP03,1,NSE:SUNPHARMA-EQ,60,2025-06-23 10:15:00+05:30,2025-06-23 11:15:00+05:30,1654.9,1656.8,58,48,101450.6500000001
23ME3EP03,1,NSE:SUNPHARMA-EQ,60,2025-06-26 09:15:00+05:30,2025-06-26 12:15:00+05:30,1673.0,1661.6,57,48,100752.8500000001
23ME3EP03,1,NSE:SUNPHARMA-EQ,60,2025-07-01 09:15:00+05:30,2025-07-01 13:15:00+05:30,1663.1,1667.4,57,48,100949.9500000001
23ME3EP03,1,NSE:SUNPHARMA-EQ,60,2025-07-04 09:15:00+05:30,2025-07-04 10:15:00+05:30,1678.2,1682.7,57,48,101158.4500000001
23ME3EP03,1,NSE:SUNPHARMA-EQ,60,2025-07-07 09:15:00+05:30,2025-07-07 10:15:00+05:30,1667.0,1673.0,57,48,101452.4500000001
23ME3EP03,1,NSE:SUNPHARMA-EQ,60,2025-07-08 10:15:00+05:30,2025-07-08 12:15:00+05:30,1659.1,1665.2,58,48,101758.2500000001
23ME3EP03,1,NSE:SUNPHARMA-EQ,60,2025-07-09 10:15:00+05:30,2025-07-09 11:15:00+05:30,1666.8,1672.3,57,48,102023.7500000001
23ME3EP03,1,NSE:SUNPHARMA-EQ,60,2025-07-10 09:15:00+05:30,2025-07-10 12:15:00+05:30,1658.4,1661.0,58,48,102126.55000000009
23ME3EP03,1,NSE:SUNPHARMA-EQ,60,2025-07-15 09:15:00+05:30,2025-07-15 10:15:00+05:30,1701.2,1706.5,57,48,102380.65000000008
23ME3EP03,1,NSE:SUNPHARMA-EQ,60,2025-07-16 10:15:00+05:30,2025-07-16 15:15:00+05:30,1708.1,1701.9,56,48,101985.4500000001
23ME3EP03,1,NSE:SUNPHARMA-EQ,60,2025-07-17 09:15:00+05:30,2025-07-17 10:15:00+05:30,1705.5,1708.7,56,48,102116.6500000001
23ME3EP03,1,NSE:SUNPHARMA-EQ,60,2025-07-18 11:15:00+05:30,2025-07-18 12:15:00+05:30,1695.7,1695.1,57,48,102034.45000000008
23ME3EP03,1,NSE:SUNPHARMA-EQ,60,2025-07-22 10:15:00+05:30,2025-07-22 15:15:00+05:30,1677.0,1677.7,57,48,102026.3500000001
23ME3EP03,1,NSE:SUNPHARMA-EQ,60,2025-07-25 10:15:00+05:30,2025-07-25 15:15:00+05:30,1697.4,1702.0,57,48,102240.55000000009
23ME3EP03,1,NSE:SUNPHARMA-EQ,60,2025-07-29 09:15:00+05:30,2025-07-29 10:15:00+05:30,1705.9,1711.8,56,48,102522.95000000008
23ME3EP03,1,NSE:SUNPHARMA-EQ,60,2025-07-31 10:15:00+05:30,2025-07-31 11:15:00+05:30,1731.0,1732.9,56,48,102581.3500000001
23ME3EP03,1,NSE:SUNPHARMA-EQ,60,2025-08-05 10:15:00+05:30,2025-08-05 14:15:00+05:30,1627.7,1633.6,59,48,102881.45000000008
23ME3EP03,1,NSE:SUNPHARMA-EQ,60,2025-08-06 10:15:00+05:30,2025-08-06 12:15:00+05:30,1615.4,1621.0,60,48,103169.45000000008
23ME3EP03,1,NSE:SUNPHARMA-EQ,60,2025-08-08 10:15:00+05:30,2025-08-08 12:15:00+05:30,1585.3,1590.2,61,48,103420.3500000001
23ME3EP03,1,NSE:SUNPHARMA-EQ,60,2025-08-12 11:15:00+05:30,2025-08-12 15:15:00+05:30,1627.1,1626.5,60,48,103336.3500000001
23ME3EP03,1,NSE:SUNPHARMA-EQ,60,2025-08-14 10:15:00+05:30,2025-08-14 13:15:00+05:30,1633.5,1641.5,60,48,103768.3500000001
23ME3EP03,1,NSE:SUNPHARMA-EQ,60,2025-08-18 09:15:00+05:30,2025-08-18 12:15:00+05:30,1635.6,1633.9,60,48,103618.35000000011
23ME3EP03,1,NSE:SUNPHARMA-EQ,60,2025-08-19 10:15:00+05:30,2025-08-19 15:15:00+05:30,1625.9,1638.0,60,48,104296.35000000011
23ME3EP03,1,NSE:SUNPHARMA-EQ,60,2025-08-20 10:15:00+05:30,2025-08-20 11:15:00+05:30,1624.1,1625.9,60,48,104356.35000000012
23ME3EP03,1,NSE:SUNPHARMA-EQ,60,2025-08-25 09:15:00+05:30,2025-08-25 10:15:00+05:30,1641.6,1647.0,60,48,104632.35000000012
23ME3EP03,1,NSE:SUNPHARMA-EQ,60,2025-08-29 10:15:00+05:30,2025-08-29 11:15:00+05:30,1586.7,1585.4,62,48,104503.75000000013
23ME3EP03,1,NSE:SUNPHARMA-EQ,60,2025-09-01 10:15:00+05:30,2025-09-01 15:15:00+05:30,1584.8,1564.0,62,48,103166.15000000014
23ME3EP03,1,NSE:SUNPHARMA-EQ,60,2025-09-04 10:15:00+05:30,2025-09-04 12:15:00+05:30,1565.3,1571.5,62,48,103502.55000000015
23ME3EP03,1,NSE:SUNPHARMA-EQ,60,2025-09-09 09:15:00+05:30,2025-09-09 12:15:00+05:30,1582.3,1582.5,62,48,103466.95000000016
23ME3EP03,1,NSE:SUNPHARMA-EQ,60,2025-09-10 11:15:00+05:30,2025-09-10 14:15:00+05:30,1593.0,1593.4,61,48,103443.35000000017
23ME3EP03,1,NSE:SUNPHARMA-EQ,60,2025-09-12 11:15:00+05:30,2025-09-12 15:15:00+05:30,1618.2,1610.2,60,48,102915.35000000017
23ME3EP03,1,NSE:SUNPHARMA-EQ,60,2025-09-15 09:15:00+05:30,2025-09-15 11:15:00+05:30,1601.9,1608.0,61,48,103239.45000000016
23ME3EP03,1,NSE:SUNPHARMA-EQ,60,2025-09-16 09:15:00+05:30,2025-09-16 10:15:00+05:30,1608.3,1609.6,60,48,103269.45000000016
23ME3EP03,1,NSE:SUNPHARMA-EQ,60,2025-09-18 09:15:00+05:30,2025-09-18 15:15:00+05:30,1635.2,1648.5,59,48,104006.15000000015
23ME3EP03,1,NSE:SUNPHARMA-EQ,60,2025-09-22 10:15:00+05:30,2025-09-22 12:15:00+05:30,1647.6,1649.6,59,48,104076.15000000015
23ME3EP03,1,NSE:SUNPHARMA-EQ,60,2025-09-23 09:15:00+05:30,2025-09-23 11:15:00+05:30,1632.1,1635.6,60,48,104238.15000000015
23ME3EP03,1,NSE:SUNPHARMA-EQ,60,2025-09-25 09:15:00+05:30,2025-09-25 10:15:00+05:30,1629.3,1639.9,60,48,104826.15000000017
23ME3EP03,1,NSE:SUNPHARMA-EQ,60,2025-10-03 10:15:00+05:30,2025-10-03 12:15:00+05:30,1611.0,1622.1,61,48,105455.25000000016
23ME3EP03,1,NSE:SUNPHARMA-EQ,60,2025-10-08 10:15:00+05:30,2025-10-08 15:15:00+05:30,1645.1,1631.1,60,48,104567.25000000016
23ME3EP03,1,NSE:SUNPHARMA-EQ,60,2025-10-09 09:15:00+05:30,2025-10-09 11:15:00+05:30,1644.0,1644.7,60,48,104561.25000000016
23ME3EP03,1,NSE:SUNPHARMA-EQ,60,2025-10-13 10:15:00+05:30,2025-10-13 11:15:00+05:30,1659.1,1663.3,59,48,104761.05000000016
23ME3EP03,1,NSE:SUNPHARMA-EQ,60,2025-10-14 10:15:00+05:30,2025-10-14 15:15:00+05:30,1659.1,1652.1,59,48,104300.05000000016
23ME3EP03,1,NSE:SUNPHARMA-EQ,60,2025-10-15 09:15:00+05:30,2025-10-15 10:15:00+05:30,1660.9,1660.4,59,48,104222.55000000016
23ME3EP03,1,NSE:SUNPHARMA-EQ,60,2025-10-16 10:15:00+05:30,2025-10-16 11:15:00+05:30,1647.4,1649.5,60,48,104300.55000000016
23ME3EP03,1,NSE:SUNPHARMA-EQ,60,2025-10-24 11:15:00+05:30,2025-10-24 12:15:00+05:30,1697.6,1694.9,58,48,104095.95000000017
23ME3EP03,1,NSE:SUNPHARMA-EQ,60,2025-10-27 10:15:00+05:30,2025-10-27 13:15:00+05:30,1696.5,1694.5,58,48,103931.95000000017
23ME3EP03,1,NSE:SUNPHARMA-EQ,60,2025-10-28 11:15:00+05:30,2025-10-28 13:15:00+05:30,1681.0,1688.2,58,48,104301.55000000018
23ME3EP03,1,NSE:SUNPHARMA-EQ,60,2025-10-30 09:15:00+05:30,2025-10-30 12:15:00+05:30,1686.2,1699.8,58,48,105042.35000000017
23ME3EP03,1,NSE:SUNPHARMA-EQ,60,2025-10-31 10:15:00+05:30,2025-10-31 15:15:00+05:30,1698.0,1691.0,58,48,104588.35000000017
23ME3EP03,1,NSE:SUNPHARMA-EQ,60,2025-11-04 10:15:00+05:30,2025-11-04 12:15:00+05:30,1689.3,1693.5,58,48,104783.95000000017
23ME3EP03,1,NSE:SUNPHARMA-EQ,60,2025-11-06 10:15:00+05:30,2025-11-06 11:15:00+05:30,1685.1,1690.3,59,48,105042.75000000017
23ME3EP03,1,NSE:SUNPHARMA-EQ,60,2025-11-07 09:15:00+05:30,2025-11-07 10:15:00+05:30,1690.9,1690.5,59,48,104971.15000000017
23ME3EP03,1,NSE:SUNPHARMA-EQ,60,2025-11-10 11:15:00+05:30,2025-11-10 12:15:00+05:30,1698.3,1700.6,58,48,105056.55000000016
23ME3EP03,1,NSE:SUNPHARMA-EQ,60,2025-11-11 09:15:00+05:30,2025-11-11 10:15:00+05:30,1700.2,1698.4,58,48,104904.15000000017
23ME3EP03,1,NSE:SUNPHARMA-EQ,60,2025-11-13 11:15:00+05:30,2025-11-13 15:15:00+05:30,1744.1,1737.9,57,48,104502.75000000017
23ME3EP03,1,NSE:SUNPHARMA-EQ,60,2025-11-17 10:15:00+05:30,2025-11-17 11:15:00+05:30,1750.2,1758.5,56,48,104919.55000000018
23ME3EP03,1,NSE:SUNPHARMA-EQ,60,2025-11-18 10:15:00+05:30,2025-11-18 11:15:00+05:30,1754.4,1758.5,56,48,105101.15000000017
23ME3EP03,1,NSE:SUNPHARMA-EQ,60,2025-11-19 10:15:00+05:30,2025-11-19 11:15:00+05:30,1768.5,1782.9,56,48,105859.55000000018
23ME3EP03,1,NSE:SUNPHARMA-EQ,60,2025-11-20 10:15:00+05:30,2025-11-20 11:15:00+05:30,1775.4,1781.5,56,48,106153.15000000017
23ME3EP03,1,NSE:SUNPHARMA-EQ,60,2025-11-21 09:15:00+05:30,2025-11-21 11:15:00+05:30,1778.0,1780.0,56,48,106217.15000000017
23ME3EP03,1,NSE:SUNPHARMA-EQ,60,2025-11-26 09:15:00+05:30,2025-11-26 10:15:00+05:30,1783.6,1789.4,56,48,106493.95000000019
23ME3EP03,1,NSE:SUNPHARMA-EQ,60,2025-11-28 09:15:00+05:30,2025-11-28 15:15:00+05:30,1820.6,1832.0,55,48,107072.95000000019
23ME3EP03,1,NSE:SUNPHARMA-EQ,60,2025-12-01 10:15:00+05:30,2025-12-01 15:15:00+05:30,1816.5,1809.0,55,48,106612.45000000019
23ME3EP03,1,NSE:SUNPHARMA-EQ,60,2025-12-02 11:15:00+05:30,2025-12-02 14:15:00+05:30,1796.4,1801.6,56,48,106855.65000000017
23ME3EP03,1,NSE:SUNPHARMA-EQ,60,2025-12-03 11:15:00+05:30,2025-12-03 12:15:00+05:30,1795.8,1796.2,56,48,106830.05000000018
23ME3EP03,1,NSE:SUNPHARMA-EQ,60,2025-12-05 10:15:00+05:30,2025-12-05 15:15:00+05:30,1809.0,1805.0,56,48,106558.05000000018
23ME3EP03,1,NSE:SUNPHARMA-EQ,60,2025-12-08 09:15:00+05:30,2025-12-08 14:15:00+05:30,1798.0,1797.3,56,48,106470.85000000018
23ME3EP03,1,NSE:SUNPHARMA-EQ,60,2025-12-11 10:15:00+05:30,2025-12-11 11:15:00+05:30,1795.6,1798.2,56,48,106568.45000000019
23ME3EP03,1,NSE:SUNPHARMA-EQ,60,2025-12-12 10:15:00+05:30,2025-12-12 11:15:00+05:30,1796.9,1803.8,56,48,106906.85000000018
23ME3EP03,1,NSE:SUNPHARMA-EQ,60,2025-12-15 09:15:00+05:30,2025-12-15 11:15:00+05:30,1783.5,1797.2,56,48,107626.05000000018
23ME3EP03,1,NSE:SUNPHARMA-EQ,60,2025-12-16 10:15:00+05:30,2025-12-16 15:15:00+05:30,1787.1,1783.2,57,48,107355.75000000019
23ME3EP03,1,NSE:SUNPHARMA-EQ,60,2025-12-17 10:15:00+05:30,2025-12-17 11:15:00+05:30,1775.9,1782.6,57,48,107689.65000000018
23ME3EP03,1,NSE:SUNPHARMA-EQ,60,2025-12-18 10:15:00+05:30,2025-12-18 14:15:00+05:30,1747.0,1745.3,58,48,107543.05000000018
23ME3EP03,1,NSE:SUNPHARMA-EQ,60,2025-12-24 09:15:00+05:30,2025-12-24 12:15:00+05:30,1741.6,1736.0,58,48,107170.25000000019
23ME3EP03,1,NSE:SUNPHARMA-EQ,60,2025-12-30 11:15:00+05:30,2025-12-30 13:15:00+05:30,1711.1,1718.0,59,48,107529.3500000002
23ME3EP03,1,NSE:VBL-EQ,60,2025-01-10 10:15:00+05:30,2025-01-10 15:15:00+05:30,598.25,595.8,158,48,99564.9
23ME3EP03,1,NSE:VBL-EQ,60,2025-01-16 09:15:00+05:30,2025-01-16 15:15:00+05:30,575.15,575.0,164,48,99492.3
23ME3EP03,1,NSE:VBL-EQ,60,2025-01-17 10:15:00+05:30,2025-01-17 15:15:00+05:30,550.0,559.0,171,48,100983.3
23ME3EP03,1,NSE:VBL-EQ,60,2025-01-20 10:15:00+05:30,2025-01-20 15:15:00+05:30,552.65,553.85,173,48,101142.90000000001
23ME3EP03,1,NSE:VBL-EQ,60,2025-01-21 10:15:00+05:30,2025-01-21 15:15:00+05:30,542.0,541.0,177,48,100917.90000000001
23ME3EP03,1,NSE:VBL-EQ,60,2025-01-22 09:15:00+05:30,2025-01-22 15:15:00+05:30,540.2,534.95,177,48,99940.65000000001
23ME3EP03,1,NSE:VBL-EQ,60,2025-01-24 10:15:00+05:30,2025-01-24 11:15:00+05:30,540.15,544.75,175,48,100697.65000000001
23ME3EP03,1,NSE:VBL-EQ,60,2025-01-27 10:15:00+05:30,2025-01-27 15:15:00+05:30,523.9,524.0,182,48,100667.85
23ME3EP03,1,NSE:VBL-EQ,60,2025-01-28 11:15:00+05:30,2025-01-28 13:15:00+05:30,522.0,532.55,183,48,102550.5
23ME3EP03,1,NSE:VBL-EQ,60,2025-01-30 09:15:00+05:30,2025-01-30 13:15:00+05:30,546.75,540.5,178,48,101390.0
23ME3EP03,1,NSE:VBL-EQ,60,2025-01-31 10:15:00+05:30,2025-01-31 15:15:00+05:30,539.05,538.0,178,48,101155.1
23ME3EP03,1,NSE:VBL-EQ,60,2025-02-10 11:15:00+05:30,2025-02-10 15:15:00+05:30,550.6,543.1,174,48,99802.1
23ME3EP03,1,NSE:VBL-EQ,60,2025-02-13 10:15:00+05:30,2025-02-13 15:15:00+05:30,523.25,512.15,181,48,97745.0
23ME3EP03,1,NSE:VBL-EQ,60,2025-02-19 09:15:00+05:30,2025-02-19 15:15:00+05:30,475.05,476.0,195,48,97882.25
23ME3EP03,1,NSE:VBL-EQ,60,2025-02-20 10:15:00+05:30,2025-02-20 15:15:00+05:30,469.95,470.3,197,48,97903.20000000001
23ME3EP03,1,NSE:VBL-EQ,60,2025-02-21 10:15:00+05:30,2025-02-21 13:15:00+05:30,464.6,475.0,200,48,99935.20000000001
23ME3EP03,1,NSE:VBL-EQ,60,2025-02-24 10:15:00+05:30,2025-02-24 11:15:00+05:30,473.45,487.2,200,48,102637.20000000001
23ME3EP03,1,NSE:VBL-EQ,60,2025-02-25 10:15:00+05:30,2025-02-25 15:15:00+05:30,482.9,478.5,201,48,101704.80000000002
23ME3EP03,1,NSE:VBL-EQ,60,2025-02-27 10:15:00+05:30,2025-02-27 15:15:00+05:30,449.7,447.65,214,48,101218.10000000002
23ME3EP03,1,NSE:VBL-EQ,60,2025-03-07 10:15:00+05:30,2025-03-07 14:15:00+05:30,484.25,489.05,198,48,102120.50000000003
23ME3EP03,1,NSE:VBL-EQ,60,2025-03-11 09:15:00+05:30,2025-03-11 15:15:00+05:30,476.95,487.0,203,48,104112.65000000004
23ME3EP03,1,NSE:VBL-EQ,60,2025-03-13 09:15:00+05:30,2025-03-13 10:15:00+05:30,489.85,495.6,201,48,105220.40000000004
23ME3EP03,1,NSE:VBL-EQ,60,2025-03-18 09:15:00+05:30,2025-03-18 15:15:00+05:30,521.95,533.05,191,48,107292.50000000001
23ME3EP03,1,NSE:VBL-EQ,60,2025-03-19 09:15:00+05:30,2025-03-19 15:15:00+05:30,539.0,540.5,189,48,107528.00000000001
23ME3EP03,1,NSE:VBL-EQ,60,2025-03-20 09:15:00+05:30,2025-03-20 15:15:00+05:30,543.15,548.0,188,48,108391.80000000002
23ME3EP03,1,NSE:VBL-EQ,60,2025-03-24 10:15:00+05:30,2025-03-24 15:15:00+05:30,538.8,531.2,191,48,106892.20000000004
23ME3EP03,1,NSE:VBL-EQ,60,2025-03-28 11:15:00+05:30,2025-03-28 15:15:00+05:30,542.65,540.05,187,48,106358.00000000004
23ME3EP03,1,NSE:VBL-EQ,60,2025-04-01 10:15:00+05:30,2025-04-01 15:15:00+05:30,535.15,539.45,188,48,107118.40000000005
23ME3EP03,1,NSE:VBL-EQ,60,2025-04-02 10:15:00+05:30,2025-04-02 15:15:00+05:30,547.7,546.95,185,48,106931.65000000005
23ME3EP03,1,NSE:VBL-EQ,60,2025-04-03 11:15:00+05:30,2025-04-03 15:15:00+05:30,541.95,544.0,187,48,107267.00000000004
23ME3EP03,1,NSE:VBL-EQ,60,2025-04-04 10:15:00+05:30,2025-04-04 15:15:00+05:30,534.5,536.65,190,48,107627.50000000004
23ME3EP03,1,NSE:VBL-EQ,60,2025-04-11 10:15:00+05:30,2025-04-11 11:15:00+05:30,540.9,546.5,188,48,108632.30000000005
23ME3EP03,1,NSE:VBL-EQ,60,2025-04-16 11:15:00+05:30,2025-04-16 15:15:00+05:30,545.75,552.0,189,48,109765.55000000005
23ME3EP03,1,NSE:VBL-EQ,60,2025-04-21 09:15:00+05:30,2025-04-21 15:15:00+05:30,553.95,546.8,188,48,108373.35000000003
23ME3EP03,1,NSE:VBL-EQ,60,2025-04-22 09:15:00+05:30,2025-04-22 15:15:00+05:30,556.6,549.7,184,48,107055.75000000004
23ME3EP03,1,NSE:VBL-EQ,60,2025-04-23 09:15:00+05:30,2025-04-23 15:15:00+05:30,546.95,549.0,185,48,107387.00000000003
23ME3EP03,1,NSE:VBL-EQ,60,2025-04-24 09:15:00+05:30,2025-04-24 15:15:00+05:30,544.9,532.9,187,48,105095.00000000003
23ME3EP03,1,NSE:VBL-EQ,60,2025-04-28 09:15:00+05:30,2025-04-28 15:15:00+05:30,539.3,533.4,185,48,103955.50000000003
23ME3EP03,1,NSE:VBL-EQ,60,2025-04-29 10:15:00+05:30,2025-04-29 15:15:00+05:30,531.0,529.0,185,48,103537.50000000003
23ME3EP03,1,NSE:VBL-EQ,60,2025-05-02 09:15:00+05:30,2025-05-02 15:15:00+05:30,519.95,523.55,189,48,104169.90000000001
23ME3EP03,1,NSE:VBL-EQ,60,2025-05-06 10:15:00+05:30,2025-05-06 15:15:00+05:30,527.35,513.7,187,48,101569.35
23ME3EP03,1,NSE:VBL-EQ,60,2025-05-07 09:15:00+05:30,2025-05-07 15:15:00+05:30,506.0,513.0,190,48,102851.35
23ME3EP03,1,NSE:VBL-EQ,60,2025-05-09 11:15:00+05:30,2025-05-09 15:15:00+05:30,493.05,497.0,198,48,103585.45
23ME3EP03,1,NSE:VBL-EQ,60,2025-05-26 10:15:00+05:30,2025-05-26 15:15:00+05:30,484.85,482.95,202,48,103153.65
23ME3EP03,1,NSE:VBL-EQ,60,2025-05-27 10:15:00+05:30,2025-05-27 15:15:00+05:30,479.85,484.85,204,48,104125.65
23ME3EP03,1,NSE:VBL-EQ,60,2025-05-29 09:15:00+05:30,2025-05-29 14:15:00+05:30,481.05,483.55,205,48,104590.15
23ME3EP03,1,NSE:VBL-EQ,60,2025-06-02 09:15:00+05:30,2025-06-02 11:15:00+05:30,482.65,483.1,205,48,104634.40000000001
23ME3EP03,1,NSE:VBL-EQ,60,2025-06-03 09:15:00+05:30,2025-06-03 15:15:00+05:30,479.7,474.5,207,48,103510.00000000001
23ME3EP03,1,NSE:VBL-EQ,60,2025-06-05 11:15:00+05:30,2025-06-05 15:15:00+05:30,470.2,469.2,209,48,103253.00000000001
23ME3EP03,1,NSE:VBL-EQ,60,2025-06-09 10:15:00+05:30,2025-06-09 15:15:00+05:30,476.4,476.5,205,48,103225.50000000001
23ME3EP03,1,NSE:VBL-EQ,60,2025-06-11 10:15:00+05:30,2025-06-11 15:15:00+05:30,472.3,475.1,207,48,103757.10000000002
23ME3EP03,1,NSE:VBL-EQ,60,2025-06-13 09:15:00+05:30,2025-06-13 15:15:00+05:30,468.95,470.85,210,48,104108.10000000002
23ME3EP03,1,NSE:VBL-EQ,60,2025-06-16 10:15:00+05:30,2025-06-16 14:15:00+05:30,465.25,471.95,212,48,105480.50000000001
23ME3EP03,1,NSE:VBL-EQ,60,2025-06-18 09:15:00+05:30,2025-06-18 15:15:00+05:30,470.35,468.55,212,48,105050.90000000001
23ME3EP03,1,NSE:VBL-EQ,60,2025-06-26 10:15:00+05:30,2025-06-26 15:15:00+05:30,458.85,458.9,217,48,105013.75
23ME3EP03,1,NSE:VBL-EQ,60,2025-06-30 10:15:00+05:30,2025-06-30 15:15:00+05:30,457.1,457.1,218,48,104965.75
23ME3EP03,1,NSE:VBL-EQ,60,2025-07-01 09:15:00+05:30,2025-07-01 15:15:00+05:30,456.3,451.95,218,48,103969.45
23ME3EP03,1,NSE:VBL-EQ,60,2025-07-08 10:15:00+05:30,2025-07-08 15:15:00+05:30,458.4,458.25,215,48,103889.2
23ME3EP03,1,NSE:VBL-EQ,60,2025-07-10 09:15:00+05:30,2025-07-10 15:15:00+05:30,462.25,460.15,213,48,103393.9
23ME3EP03,1,NSE:VBL-EQ,60,2025-07-11 09:15:00+05:30,2025-07-11 15:15:00+05:30,458.35,452.5,214,48,102093.99999999999
23ME3EP03,1,NSE:VBL-EQ,60,2025-07-16 10:15:00+05:30,2025-07-16 15:15:00+05:30,472.05,479.55,205,48,103583.49999999999
23ME3EP03,1,NSE:VBL-EQ,60,2025-07-17 09:15:00+05:30,2025-07-17 15:15:00+05:30,485.55,490.0,202,48,104434.39999999998
23ME3EP03,1,NSE:VBL-EQ,60,2025-07-21 09:15:00+05:30,2025-07-21 10:15:00+05:30,485.0,488.1,204,48,105018.79999999999
23ME3EP03,1,NSE:VBL-EQ,60,2025-07-28 09:15:00+05:30,2025-07-28 14:15:00+05:30,485.2,487.05,205,48,105350.04999999999
23ME3EP03,1,NSE:VBL-EQ,60,2025-07-29 09:15:00+05:30,2025-07-29 12:15:00+05:30,489.85,502.8,204,48,107943.84999999999
23ME3EP03,1,NSE:VBL-EQ,60,2025-07-30 09:15:00+05:30,2025-07-30 15:15:00+05:30,522.8,519.6,196,48,107268.65000000001
23ME3EP03,1,NSE:VBL-EQ,60,2025-07-31 11:15:00+05:30,2025-07-31 15:15:00+05:30,521.8,521.0,195,48,107064.65000000002
23ME3EP03,1,NSE:VBL-EQ,60,2025-08-01 09:15:00+05:30,2025-08-01 15:15:00+05:30,516.7,512.7,196,48,106232.65000000002
23ME3EP03,1,NSE:VBL-EQ,60,2025-08-04 10:15:00+05:30,2025-08-04 15:15:00+05:30,507.1,510.0,198,48,106758.85000000002
23ME3EP03,1,NSE:VBL-EQ,60,2025-08-05 10:15:00+05:30,2025-08-05 15:15:00+05:30,506.7,508.5,200,48,107070.85000000002
23ME3EP03,1,NSE:VBL-EQ,60,2025-08-06 10:15:00+05:30,2025-08-06 15:15:00+05:30,501.65,498.05,202,48,106295.65000000002
23ME3EP03,1,NSE:VBL-EQ,60,2025-08-07 11:15:00+05:30,2025-08-07 14:15:00+05:30,497.45,502.4,202,48,107247.55000000002
23ME3EP03,1,NSE:VBL-EQ,60,2025-08-11 09:15:00+05:30,2025-08-11 10:15:00+05:30,498.0,503.85,204,48,108392.95000000003
23ME3EP03,1,NSE:VBL-EQ,60,2025-08-13 09:15:00+05:30,2025-08-13 13:15:00+05:30,517.3,514.0,199,48,107688.25000000003
23ME3EP03,1,NSE:VBL-EQ,60,2025-08-14 09:15:00+05:30,2025-08-14 15:15:00+05:30,502.35,502.9,203,48,107751.90000000002
23ME3EP03,1,NSE:VBL-EQ,60,2025-08-22 11:15:00+05:30,2025-08-22 15:15:00+05:30,512.8,516.55,199,48,108450.15000000002
23ME3EP03,1,NSE:VBL-EQ,60,2025-08-26 09:15:00+05:30,2025-08-26 15:15:00+05:30,510.75,508.4,201,48,107929.80000000002
23ME3EP03,1,NSE:VBL-EQ,60,2025-09-04 10:15:00+05:30,2025-09-04 15:15:00+05:30,500.0,490.8,205,48,105995.80000000002
23ME3EP03,1,NSE:VBL-EQ,60,2025-09-09 10:15:00+05:30,2025-09-09 15:15:00+05:30,475.15,476.0,211,48,106127.15000000002
23ME3EP03,1,NSE:VBL-EQ,60,2025-09-12 10:15:00+05:30,2025-09-12 15:15:00+05:30,470.4,470.45,214,48,106089.85000000002
23ME3EP03,1,NSE:VBL-EQ,60,2025-09-16 11:15:00+05:30,2025-09-16 15:15:00+05:30,467.0,464.35,215,48,105472.10000000002
23ME3EP03,1,NSE:VBL-EQ,60,2025-09-18 10:15:00+05:30,2025-09-18 14:15:00+05:30,468.35,473.3,213,48,106478.45000000001
23ME3EP03,1,NSE:VBL-EQ,60,2025-09-22 10:15:00+05:30,2025-09-22 15:15:00+05:30,470.05,465.0,215,48,105344.70000000001
23ME3EP03,1,NSE:VBL-EQ,60,2025-09-26 10:15:00+05:30,2025-09-26 15:15:00+05:30,450.0,444.3,222,48,104031.30000000002
23ME3EP03,1,NSE:VBL-EQ,60,2025-09-29 09:15:00+05:30,2025-09-29 12:15:00+05:30,446.35,447.5,221,48,104237.45000000001
23ME3EP03,1,NSE:VBL-EQ,60,2025-09-30 10:15:00+05:30,2025-09-30 15:15:00+05:30,445.4,443.9,222,48,103856.45000000001
23ME3EP03,1,NSE:VBL-EQ,60,2025-10-01 11:15:00+05:30,2025-10-01 15:15:00+05:30,444.85,443.5,221,48,103510.1
23ME3EP03,1,NSE:VBL-EQ,60,2025-10-03 11:15:00+05:30,2025-10-03 14:15:00+05:30,439.7,442.95,223,48,104186.85
23ME3EP03,1,NSE:VBL-EQ,60,2025-10-06 10:15:00+05:30,2025-10-06 15:15:00+05:30,439.25,439.0,225,48,104082.6
23ME3EP03,1,NSE:VBL-EQ,60,2025-10-07 09:15:00+05:30,2025-10-07 15:15:00+05:30,441.4,440.9,223,48,103923.1
23ME3EP03,1,NSE:VBL-EQ,60,2025-10-08 10:15:00+05:30,2025-10-08 15:15:00+05:30,432.95,433.4,227,48,103977.25
23ME3EP03,1,NSE:VBL-EQ,60,2025-10-09 09:15:00+05:30,2025-10-09 12:15:00+05:30,433.3,438.85,227,48,105189.1
23ME3EP03,1,NSE:VBL-EQ,60,2025-10-13 10:15:00+05:30,2025-10-13 15:15:00+05:30,441.35,443.1,226,48,105536.6
23ME3EP03,1,NSE:VBL-EQ,60,2025-10-14 11:15:00+05:30,2025-10-14 15:15:00+05:30,442.4,440.5,226,48,105059.20000000001
23ME3EP03,1,NSE:VBL-EQ,60,2025-10-15 09:15:00+05:30,2025-10-15 14:15:00+05:30,443.25,445.7,225,48,105562.45000000001
23ME3EP03,1,NSE:VBL-EQ,60,2025-10-16 11:15:00+05:30,2025-10-16 15:15:00+05:30,458.75,461.55,218,48,106124.85000000002
23ME3EP03,1,NSE:VBL-EQ,60,2025-10-20 10:15:00+05:30,2025-10-20 15:15:00+05:30,459.4,456.8,219,48,105507.45000000003
23ME3EP03,1,NSE:VBL-EQ,60,2025-10-24 09:15:00+05:30,2025-10-24 15:15:00+05:30,461.5,461.8,217,48,105524.55000000003
23ME3EP03,1,NSE:VBL-EQ,60,2025-10-27 10:15:00+05:30,2025-10-27 11:15:00+05:30,460.3,467.65,217,48,107071.50000000003
23ME3EP03,1,NSE:VBL-EQ,60,2025-10-28 09:15:00+05:30,2025-10-28 15:15:00+05:30,453.75,455.0,224,48,107303.50000000003
23ME3EP03,1,NSE:VBL-EQ,60,2025-10-31 10:15:00+05:30,2025-10-31 15:15:00+05:30,472.5,469.5,215,48,106610.50000000003
23ME3EP03,1,NSE:VBL-EQ,60,2025-11-04 10:15:00+05:30,2025-11-04 15:15:00+05:30,470.1,471.0,215,48,106756.00000000003
23ME3EP03,1,NSE:VBL-EQ,60,2025-11-07 10:15:00+05:30,2025-11-07 15:15:00+05:30,468.1,471.3,216,48,107399.20000000003
23ME3EP03,1,NSE:VBL-EQ,60,2025-11-10 10:15:00+05:30,2025-11-10 15:15:00+05:30,468.4,462.85,217,48,106146.85000000003
23ME3EP03,1,NSE:VBL-EQ,60,2025-11-11 09:15:00+05:30,2025-11-11 13:15:00+05:30,464.5,467.35,217,48,106717.30000000005
23ME3EP03,1,NSE:VBL-EQ,60,2025-11-12 10:15:00+05:30,2025-11-12 15:15:00+05:30,462.8,459.2,219,48,105880.90000000004
23ME3EP03,1,NSE:VBL-EQ,60,2025-11-13 09:15:00+05:30,2025-11-13 15:15:00+05:30,455.75,454.1,220,48,105469.90000000004
23ME3EP03,1,NSE:VBL-EQ,60,2025-11-18 09:15:00+05:30,2025-11-18 15:15:00+05:30,455.25,457.0,220,48,105806.90000000004
23ME3EP03,1,NSE:VBL-EQ,60,2025-11-19 09:15:00+05:30,2025-11-19 15:15:00+05:30,454.0,454.6,221,48,105891.50000000004
23ME3EP03,1,NSE:VBL-EQ,60,2025-11-20 10:15:00+05:30,2025-11-20 15:15:00+05:30,456.3,452.0,220,48,104897.50000000004
23ME3EP03,1,NSE:VBL-EQ,60,2025-11-21 10:15:00+05:30,2025-11-21 15:15:00+05:30,447.45,447.7,222,48,104905.00000000004
23ME3EP03,1,NSE:VBL-EQ,60,2025-11-24 10:15:00+05:30,2025-11-24 15:15:00+05:30,448.15,446.05,222,48,104390.80000000005
23ME3EP03,1,NSE:VBL-EQ,60,2025-11-25 09:15:00+05:30,2025-11-25 15:15:00+05:30,448.45,447.95,221,48,104232.30000000005
23ME3EP03,1,NSE:VBL-EQ,60,2025-11-28 09:15:00+05:30,2025-11-28 15:15:00+05:30,484.0,480.65,204,48,103500.90000000004
23ME3EP03,1,NSE:VBL-EQ,60,2025-12-02 10:15:00+05:30,2025-12-02 15:15:00+05:30,481.2,482.0,204,48,103616.10000000003
23ME3EP03,1,NSE:VBL-EQ,60,2025-12-03 10:15:00+05:30,2025-12-03 15:15:00+05:30,478.0,478.0,205,48,103568.10000000003
23ME3EP03,1,NSE:VBL-EQ,60,2025-12-05 09:15:00+05:30,2025-12-05 13:15:00+05:30,475.7,479.0,206,48,104199.90000000004
23ME3EP03,1,NSE:VBL-EQ,60,2025-12-09 10:15:00+05:30,2025-12-09 15:15:00+05:30,465.75,471.4,212,48,105349.70000000003
23ME3EP03,1,NSE:VBL-EQ,60,2025-12-11 09:15:00+05:30,2025-12-11 15:15:00+05:30,468.05,479.7,213,48,107783.15000000002
23ME3EP03,1,NSE:VBL-EQ,60,2025-12-12 11:15:00+05:30,2025-12-12 14:15:00+05:30,475.4,480.8,215,48,108896.15000000002
23ME3EP03,1,NSE:VBL-EQ,60,2025-12-15 10:15:00+05:30,2025-12-15 15:15:00+05:30,478.05,476.0,216,48,108405.35000000002
23ME3EP03,1,NSE:VBL-EQ,60,2025-12-17 09:15:00+05:30,2025-12-17 15:15:00+05:30,474.1,469.9,217,48,107445.95000000001
23ME3EP03,1,NSE:VBL-EQ,60,2025-12-18 09:15:00+05:30,2025-12-18 15:15:00+05:30,463.65,472.15,220,48,109267.95000000001
23ME3EP03,1,NSE:VBL-EQ,60,2025-12-19 11:15:00+05:30,2025-12-19 15:15:00+05:30,468.95,470.0,221,48,109452.00000000001
23ME3EP03,1,NSE:VBL-EQ,60,2025-12-23 10:15:00+05:30,2025-12-23 15:15:00+05:30,480.2,479.9,216,48,109339.20000000001
23ME3EP03,1,NSE:VBL-EQ,60,2025-12-24 09:15:00+05:30,2025-12-24 15:15:00+05:30,477.55,477.6,217,48,109302.05000000002
23ME3EP03,1,NSE:VBL-EQ,60,2025-12-30 09:15:00+05:30,2025-12-30 15:15:00+05:30,485.15,484.4,213,48,109094.30000000002
23ME3EP03,1,NSE:YESBANK-EQ,60,2025-01-20 10:15:00+05:30,2025-01-20 12:15:00+05:30,18.73,19.08,5070,48,101726.49999999999
23ME3EP03,1,NSE:YESBANK-EQ,60,2025-01-24 10:15:00+05:30,2025-01-24 12:15:00+05:30,18.36,18.33,5262,48,101520.63999999998
23ME3EP03,1,NSE:YESBANK-EQ,60,2025-01-28 10:15:00+05:30,2025-01-28 12:15:00+05:30,18.21,18.46,5294,48,102796.13999999998
23ME3EP03,1,NSE:YESBANK-EQ,60,2025-01-29 09:15:00+05:30,2025-01-29 11:15:00+05:30,18.81,18.66,5190,48,101969.64
23ME3EP03,1,NSE:YESBANK-EQ,60,2025-01-30 12:15:00+05:30,2025-01-30 14:15:00+05:30,19.12,18.95,5065,48,101060.59
23ME3EP03,1,NSE:YESBANK-EQ,60,2025-02-01 12:15:00+05:30,2025-02-01 14:15:00+05:30,18.92,19.08,5073,48,101824.26999999997
23ME3EP03,1,NSE:YESBANK-EQ,60,2025-02-05 09:15:00+05:30,2025-02-05 11:15:00+05:30,19.29,19.35,5013,48,102077.04999999999
23ME3EP03,1,NSE:YESBANK-EQ,60,2025-02-06 12:15:00+05:30,2025-02-06 14:15:00+05:30,19.29,19.29,5025,48,102029.04999999999
23ME3EP03,1,NSE:YESBANK-EQ,60,2025-02-14 09:15:00+05:30,2025-02-14 11:15:00+05:30,18.0,17.8,5383,48,100904.45
23ME3EP03,1,NSE:YESBANK-EQ,60,2025-02-18 13:15:00+05:30,2025-02-18 15:15:00+05:30,17.25,17.46,5555,48,102023.0
23ME3EP03,1,NSE:YESBANK-EQ,60,2025-02-21 10:15:00+05:30,2025-02-21 12:15:00+05:30,18.02,18.03,5377,48,102028.77
23ME3EP03,1,NSE:YESBANK-EQ,60,2025-03-04 13:15:00+05:30,2025-03-04 15:15:00+05:30,16.36,16.36,5923,48,101980.77
23ME3EP03,1,NSE:YESBANK-EQ,60,2025-03-07 09:15:00+05:30,2025-03-07 11:15:00+05:30,17.02,16.92,5690,48,101363.77000000002
23ME3EP03,1,NSE:YESBANK-EQ,60,2025-03-12 12:15:00+05:30,2025-03-12 14:15:00+05:30,16.13,16.16,5968,48,101494.81000000003
23ME3EP03,1,NSE:YESBANK-EQ,60,2025-03-17 10:15:00+05:30,2025-03-17 12:15:00+05:30,16.13,16.14,5976,48,101506.57000000004
23ME3EP03,1,NSE:YESBANK-EQ,60,2025-03-18 09:15:00+05:30,2025-03-18 11:15:00+05:30,16.29,16.35,5918,48,101813.65000000005
23ME3EP03,1,NSE:YESBANK-EQ,60,2025-03-19 09:15:00+05:30,2025-03-19 11:15:00+05:30,16.82,16.9,5749,48,102225.57000000004
23ME3EP03,1,NSE:YESBANK-EQ,60,2025-03-21 09:15:00+05:30,2025-03-21 11:15:00+05:30,17.08,17.05,5684,48,102007.05000000005
23ME3EP03,1,NSE:YESBANK-EQ,60,2025-03-24 09:15:00+05:30,2025-03-24 11:15:00+05:30,17.38,17.41,5574,48,102126.27000000005
23ME3EP03,1,NSE:YESBANK-EQ,60,2025-03-25 10:15:00+05:30,2025-03-25 12:15:00+05:30,17.11,17.07,5669,48,101851.51000000005
23ME3EP03,1,NSE:YESBANK-EQ,60,2025-03-26 13:15:00+05:30,2025-03-26 15:15:00+05:30,17.04,16.93,5677,48,101179.04000000005
23ME3EP03,1,NSE:YESBANK-EQ,60,2025-03-27 09:15:00+05:30,2025-03-27 11:15:00+05:30,17.0,16.89,5652,48,100509.32000000005
23ME3EP03,1,NSE:YESBANK-EQ,60,2025-03-28 13:15:00+05:30,2025-03-28 15:15:00+05:30,16.88,16.84,5655,48,100235.12000000005
23ME3EP03,1,NSE:YESBANK-EQ,60,2025-04-03 13:15:00+05:30,2025-04-03 15:15:00+05:30,17.71,17.99,5375,48,101692.12000000004
23ME3EP03,1,NSE:YESBANK-EQ,60,2025-04-04 10:15:00+05:30,2025-04-04 12:15:00+05:30,17.28,17.2,5589,48,101197.00000000003
23ME3EP03,1,NSE:YESBANK-EQ,60,2025-04-09 10:15:00+05:30,2025-04-09 12:15:00+05:30,16.94,17.24,5673,48,102850.90000000001
23ME3EP03,1,NSE:YESBANK-EQ,60,2025-04-16 09:15:00+05:30,2025-04-16 11:15:00+05:30,17.86,17.91,5469,48,103076.35
23ME3EP03,1,NSE:YESBANK-EQ,60,2025-04-17 10:15:00+05:30,2025-04-17 12:15:00+05:30,18.02,18.11,5432,48,103517.23000000001
23ME3EP03,1,NSE:YESBANK-EQ,60,2025-04-21 09:15:00+05:30,2025-04-21 11:15:00+05:30,18.9,18.91,5202,48,103521.25000000001
23ME3EP03,1,NSE:YESBANK-EQ,60,2025-04-29 12:15:00+05:30,2025-04-29 14:15:00+05:30,18.04,18.02,5450,48,103364.25000000001
23ME3EP03,1,NSE:YESBANK-EQ,60,2025-05-02 09:15:00+05:30,2025-05-02 11:15:00+05:30,17.95,17.71,5469,48,102003.69000000002
23ME3EP03,1,NSE:YESBANK-EQ,60,2025-05-02 13:15:00+05:30,2025-05-02 15:15:00+05:30,17.76,17.71,5454,48,101682.99000000002
23ME3EP03,1,NSE:YESBANK-EQ,60,2025-05-05 10:15:00+05:30,2025-05-05 12:15:00+05:30,17.75,17.73,5440,48,101526.19000000002
23ME3EP03,1,NSE:YESBANK-EQ,60,2025-05-06 09:15:00+05:30,2025-05-06 11:15:00+05:30,18.3,18.13,5269,48,100582.46
23ME3EP03,1,NSE:YESBANK-EQ,60,2025-05-07 10:15:00+05:30,2025-05-07 12:15:00+05:30,18.04,18.07,5295,48,100693.31000000001
23ME3EP03,1,NSE:YESBANK-EQ,60,2025-05-09 09:15:00+05:30,2025-05-09 10:15:00+05:30,18.26,19.173000000000002,5237,48,104733.381
23ME3EP03,1,NSE:YESBANK-EQ,60,2025-05-12 09:15:00+05:30,2025-05-12 11:15:00+05:30,20.45,20.49,5012,48,108077.21999999999
23ME3EP03,1,NSE:YESBANK-EQ,60,2025-05-13 09:15:00+05:30,2025-05-13 11:15:00+05:30,20.69,20.96,4961,48,109368.68999999999
23ME3EP03,1,NSE:YESBANK-EQ,60,2025-05-15 09:15:00+05:30,2025-05-15 11:15:00+05:30,21.45,21.63,4842,48,110192.24999999999
23ME3EP03,1,NSE:YESBANK-EQ,60,2025-05-16 09:15:00+05:30,2025-05-16 11:15:00+05:30,21.78,21.65,4805,48,109519.59999999998
23ME3EP03,1,NSE:YESBANK-EQ,60,2025-05-19 09:15:00+05:30,2025-05-19 11:15:00+05:30,21.42,21.46,4856,48,109665.83999999997
23ME3EP03,1,NSE:YESBANK-EQ,60,2025-05-22 13:15:00+05:30,2025-05-22 15:15:00+05:30,20.85,21.0,4995,48,110367.08999999997
23ME3EP03,1,NSE:YESBANK-EQ,60,2025-05-26 10:15:00+05:30,2025-05-26 12:15:00+05:30,21.02,21.03,4986,48,110368.94999999997
23ME3EP03,1,NSE:YESBANK-EQ,60,2025-05-28 09:15:00+05:30,2025-05-28 11:15:00+05:30,21.33,21.27,4914,48,110026.10999999997
23ME3EP03,1,NSE:YESBANK-EQ,60,2025-05-29 09:15:00+05:30,2025-05-29 11:15:00+05:30,21.13,21.15,4945,48,110077.00999999997
23ME3EP03,1,NSE:YESBANK-EQ,60,2025-05-29 13:15:00+05:30,2025-05-29 15:15:00+05:30,21.21,21.28,4929,48,110374.03999999996
23ME3EP03,1,NSE:YESBANK-EQ,60,2025-05-30 10:15:00+05:30,2025-05-30 12:15:00+05:30,21.05,21.35,4980,48,111820.03999999996
23ME3EP03,1,NSE:YESBANK-EQ,60,2025-06-02 09:15:00+05:30,2025-06-02 11:15:00+05:30,22.8,22.72,4658,48,111399.39999999995
23ME3EP03,1,NSE:YESBANK-EQ,60,2025-06-03 10:15:00+05:30,2025-06-03 12:15:00+05:30,21.27,21.02,4974,48,110107.89999999995
23ME3EP03,1,NSE:YESBANK-EQ,60,2025-06-05 11:15:00+05:30,2025-06-05 13:15:00+05:30,21.02,20.95,4975,48,109711.64999999995
23ME3EP03,1,NSE:YESBANK-EQ,60,2025-06-10 09:15:00+05:30,2025-06-10 11:15:00+05:30,20.98,20.95,4966,48,109514.66999999994
23ME3EP03,1,NSE:YESBANK-EQ,60,2025-06-17 11:15:00+05:30,2025-06-17 13:15:00+05:30,20.02,19.99,5195,48,109310.81999999993
23ME3EP03,1,NSE:YESBANK-EQ,60,2025-06-23 10:15:00+05:30,2025-06-23 12:15:00+05:30,19.9,19.91,5217,48,109314.98999999995
23ME3EP03,1,NSE:YESBANK-EQ,60,2025-06-24 09:15:00+05:30,2025-06-24 11:15:00+05:30,20.05,20.13,5178,48,109681.22999999994
23ME3EP03,1,NSE:YESBANK-EQ,60,2025-06-25 09:15:00+05:30,2025-06-25 11:15:00+05:30,20.03,20.13,5200,48,110153.22999999992
23ME3EP03,1,NSE:YESBANK-EQ,60,2025-06-26 10:15:00+05:30,2025-06-26 12:15:00+05:30,20.08,20.07,5210,48,110053.12999999993
23ME3EP03,1,NSE:YESBANK-EQ,60,2025-07-01 10:15:00+05:30,2025-07-01 12:15:00+05:30,20.2,20.37,5174,48,110884.70999999993
23ME3EP03,1,NSE:YESBANK-EQ,60,2025-07-02 10:15:00+05:30,2025-07-02 12:15:00+05:30,20.31,20.32,5185,48,110888.55999999994
23ME3EP03,1,NSE:YESBANK-EQ,60,2025-07-07 12:15:00+05:30,2025-07-07 14:15:00+05:30,20.02,20.01,5260,48,110787.95999999995
23ME3EP03,1,NSE:YESBANK-EQ,60,2025-07-08 09:15:00+05:30,2025-07-08 11:15:00+05:30,19.98,19.96,5266,48,110634.63999999996
23ME3EP03,1,NSE:YESBANK-EQ,60,2025-07-09 12:15:00+05:30,2025-07-09 14:15:00+05:30,19.99,19.91,5256,48,110166.15999999996
23ME3EP03,1,NSE:YESBANK-EQ,60,2025-07-14 09:15:00+05:30,2025-07-14 10:15:00+05:30,19.89,19.92,5260,48,110275.95999999996
23ME3EP03,1,NSE:YESBANK-EQ,60,2025-07-15 12:15:00+05:30,2025-07-15 14:15:00+05:30,20.51,20.46,5106,48,109972.65999999996
23ME3EP03,1,NSE:YESBANK-EQ,60,2025-07-16 11:15:00+05:30,2025-07-16 13:15:00+05:30,20.25,20.27,5158,48,110027.81999999996
23ME3EP03,1,NSE:YESBANK-EQ,60,2025-07-21 13:15:00+05:30,2025-07-21 15:15:00+05:30,20.13,20.15,5191,48,110083.63999999996
23ME3EP03,1,NSE:YESBANK-EQ,60,2025-07-24 10:15:00+05:30,2025-07-24 12:15:00+05:30,19.91,19.65,5251,48,108670.37999999995
23ME3EP03,1,NSE:YESBANK-EQ,60,2025-07-24 13:15:00+05:30,2025-07-24 14:15:00+05:30,19.77,20.02,5220,48,109927.37999999995
23ME3EP03,1,NSE:YESBANK-EQ,60,2025-07-25 12:15:00+05:30,2025-07-25 14:15:00+05:30,19.64,19.63,5316,48,109826.21999999994
23ME3EP03,1,NSE:YESBANK-EQ,60,2025-07-28 09:15:00+05:30,2025-07-28 11:15:00+05:30,19.77,19.56,5276,48,108670.25999999994
23ME3EP03,1,NSE:YESBANK-EQ,60,2025-07-29 09:15:00+05:30,2025-07-29 11:15:00+05:30,19.46,19.42,5303,48,108410.13999999994
23ME3EP03,1,NSE:YESBANK-EQ,60,2025-07-30 11:15:00+05:30,2025-07-30 13:15:00+05:30,19.34,19.28,5324,48,108042.69999999995
23ME3EP03,1,NSE:YESBANK-EQ,60,2025-08-06 11:15:00+05:30,2025-08-06 13:15:00+05:30,18.76,18.8,5470,48,108213.49999999994
23ME3EP03,1,NSE:YESBANK-EQ,60,2025-08-07 13:15:00+05:30,2025-08-07 14:15:00+05:30,18.54,18.78,5543,48,109495.81999999995
23ME3EP03,1,NSE:YESBANK-EQ,60,2025-08-11 09:15:00+05:30,2025-08-11 10:15:00+05:30,18.59,18.74,5594,48,110286.91999999994
23ME3EP03,1,NSE:YESBANK-EQ,60,2025-08-12 12:15:00+05:30,2025-08-12 13:15:00+05:30,18.85,18.8,5557,48,109961.06999999993
23ME3EP03,1,NSE:YESBANK-EQ,60,2025-08-13 12:15:00+05:30,2025-08-13 14:15:00+05:30,18.75,18.83,5570,48,110358.66999999993
23ME3EP03,1,NSE:YESBANK-EQ,60,2025-08-18 09:15:00+05:30,2025-08-18 11:15:00+05:30,19.1,19.04,5487,48,109981.44999999991
23ME3EP03,1,NSE:YESBANK-EQ,60,2025-08-21 09:15:00+05:30,2025-08-21 11:15:00+05:30,19.47,19.56,5365,48,110416.29999999992
23ME3EP03,1,NSE:YESBANK-EQ,60,2025-08-22 10:15:00+05:30,2025-08-22 12:15:00+05:30,19.36,19.35,5416,48,110314.13999999993
23ME3EP03,1,NSE:YESBANK-EQ,60,2025-08-26 10:15:00+05:30,2025-08-26 12:15:00+05:30,19.14,19.06,5474,48,109828.21999999991
23ME3EP03,1,NSE:YESBANK-EQ,60,2025-08-29 09:15:00+05:30,2025-08-29 10:15:00+05:30,19.12,19.43,5455,48,111471.2699999999
23ME3EP03,1,NSE:YESBANK-EQ,60,2025-09-02 10:15:00+05:30,2025-09-02 12:15:00+05:30,19.68,19.72,5379,48,111638.42999999989
23ME3EP03,1,NSE:YESBANK-EQ,60,2025-09-03 09:15:00+05:30,2025-09-03 11:15:00+05:30,20.04,20.2,5291,48,112436.98999999989
23ME3EP03,1,NSE:YESBANK-EQ,60,2025-09-05 12:15:00+05:30,2025-09-05 14:15:00+05:30,20.15,20.41,5299,48,113766.7299999999
23ME3EP03,1,NSE:YESBANK-EQ,60,2025-09-08 13:15:00+05:30,2025-09-08 15:15:00+05:30,20.27,20.21,5330,48,113398.9299999999
23ME3EP03,1,NSE:YESBANK-EQ,60,2025-09-10 09:15:00+05:30,2025-09-10 11:15:00+05:30,20.75,20.78,5190,48,113506.62999999992
23ME3EP03,1,NSE:YESBANK-EQ,60,2025-09-11 09:15:00+05:30,2025-09-11 11:15:00+05:30,20.96,21.06,5143,48,113972.9299999999
23ME3EP03,1,NSE:YESBANK-EQ,60,2025-09-12 11:15:00+05:30,2025-09-12 13:15:00+05:30,20.83,20.87,5196,48,114132.76999999992
23ME3EP03,1,NSE:YESBANK-EQ,60,2025-09-16 10:15:00+05:30,2025-09-16 12:15:00+05:30,20.99,20.88,5164,48,113516.72999999992
23ME3EP03,1,NSE:YESBANK-EQ,60,2025-09-17 10:15:00+05:30,2025-09-17 12:15:00+05:30,20.96,20.91,5143,48,113211.57999999991
23ME3EP03,1,NSE:YESBANK-EQ,60,2025-09-18 13:15:00+05:30,2025-09-18 15:15:00+05:30,21.0,21.09,5120,48,113624.37999999992
23ME3EP03,1,NSE:YESBANK-EQ,60,2025-09-22 09:15:00+05:30,2025-09-22 11:15:00+05:30,21.44,21.43,5033,48,113526.04999999992
23ME3EP03,1,NSE:YESBANK-EQ,60,2025-09-24 12:15:00+05:30,2025-09-24 14:15:00+05:30,21.32,21.19,5057,48,112820.63999999993
23ME3EP03,1,NSE:YESBANK-EQ,60,2025-09-25 09:15:00+05:30,2025-09-25 10:15:00+05:30,21.45,21.57,4995,48,113372.03999999994
23ME3EP03,1,NSE:YESBANK-EQ,60,2025-09-26 09:15:00+05:30,2025-09-26 11:15:00+05:30,21.09,21.06,5105,48,113170.88999999993
23ME3EP03,1,NSE:YESBANK-EQ,60,2025-10-03 09:15:00+05:30,2025-10-03 11:15:00+05:30,21.86,21.84,4917,48,113024.54999999993
23ME3EP03,1,NSE:YESBANK-EQ,60,2025-10-06 09:15:00+05:30,2025-10-06 11:15:00+05:30,22.02,21.92,4875,48,112489.04999999994
23ME3EP03,1,NSE:YESBANK-EQ,60,2025-10-06 13:15:00+05:30,2025-10-06 15:15:00+05:30,21.84,21.95,4892,48,112979.16999999994
23ME3EP03,1,NSE:YESBANK-EQ,60,2025-10-08 10:15:00+05:30,2025-10-08 12:15:00+05:30,21.93,22.1,4893,48,113762.97999999995
23ME3EP03,1,NSE:YESBANK-EQ,60,2025-10-09 13:15:00+05:30,2025-10-09 15:15:00+05:30,22.34,22.45,4836,48,114246.93999999994
23ME3EP03,1,NSE:YESBANK-EQ,60,2025-10-10 09:15:00+05:30,2025-10-10 11:15:00+05:30,23.97,23.91,4526,48,113927.37999999995
23ME3EP03,1,NSE:YESBANK-EQ,60,2025-10-13 13:15:00+05:30,2025-10-13 15:15:00+05:30,23.95,24.06,4518,48,114376.35999999994
23ME3EP03,1,NSE:YESBANK-EQ,60,2025-10-16 10:15:00+05:30,2025-10-16 12:15:00+05:30,23.24,23.22,4674,48,114234.87999999995
23ME3EP03,1,NSE:YESBANK-EQ,60,2025-10-17 10:15:00+05:30,2025-10-17 12:15:00+05:30,23.21,22.19,4674,48,109419.39999999995
23ME3EP03,1,NSE:YESBANK-EQ,60,2025-10-23 09:15:00+05:30,2025-10-23 11:15:00+05:30,23.02,23.1,4514,48,109732.51999999996
23ME3EP03,1,NSE:YESBANK-EQ,60,2025-10-28 10:15:00+05:30,2025-10-28 12:15:00+05:30,22.56,22.72,4619,48,110423.55999999995
23ME3EP03,1,NSE:YESBANK-EQ,60,2025-10-31 09:15:00+05:30,2025-10-31 11:15:00+05:30,22.82,23.12,4595,48,111754.05999999995
23ME3EP03,1,NSE:YESBANK-EQ,60,2025-11-06 09:15:00+05:30,2025-11-06 11:15:00+05:30,22.82,22.71,4651,48,111194.44999999995
23ME3EP03,1,NSE:YESBANK-EQ,60,2025-11-10 11:15:00+05:30,2025-11-10 13:15:00+05:30,22.77,22.75,4638,48,111053.68999999996
23ME3EP03,1,NSE:YESBANK-EQ,60,2025-11-17 09:15:00+05:30,2025-11-17 11:15:00+05:30,22.97,23.19,4591,48,112015.70999999996
23ME3EP03,1,NSE:YESBANK-EQ,60,2025-11-25 09:15:00+05:30,2025-11-25 11:15:00+05:30,22.71,22.65,4684,48,111686.66999999995
23ME3EP03,1,NSE:YESBANK-EQ,60,2025-11-26 09:15:00+05:30,2025-11-26 11:15:00+05:30,22.91,22.89,4630,48,111546.06999999996
23ME3EP03,1,NSE:YESBANK-EQ,60,2025-11-27 13:15:00+05:30,2025-11-27 15:15:00+05:30,22.82,22.85,4642,48,111637.32999999997
23ME3EP03,1,NSE:YESBANK-EQ,60,2025-12-01 10:15:00+05:30,2025-12-01 12:15:00+05:30,22.71,22.53,4668,48,110749.08999999997
23ME3EP03,1,NSE:YESBANK-EQ,60,2025-12-03 10:15:00+05:30,2025-12-03 12:15:00+05:30,22.39,22.41,4698,48,110795.04999999996
23ME3EP03,1,NSE:YESBANK-EQ,60,2025-12-05 10:15:00+05:30,2025-12-05 12:15:00+05:30,22.53,22.57,4670,48,110933.84999999996
23ME3EP03,1,NSE:YESBANK-EQ,60,2025-12-10 11:15:00+05:30,2025-12-10 13:15:00+05:30,21.9,21.74,4811,48,110116.08999999997
23ME3EP03,1,NSE:YESBANK-EQ,60,2025-12-12 11:15:00+05:30,2025-12-12 13:15:00+05:30,21.86,21.95,4784,48,110498.64999999997
23ME3EP03,1,NSE:YESBANK-EQ,60,2025-12-18 10:15:00+05:30,2025-12-18 12:15:00+05:30,21.44,21.52,4895,48,110842.24999999996
23ME3EP03,1,NSE:YESBANK-EQ,60,2025-12-22 09:15:00+05:30,2025-12-22 11:15:00+05:30,21.81,21.78,4827,48,110649.43999999997
23ME3EP03,1,NSE:YESBANK-EQ,60,2025-12-24 13:15:00+05:30,2025-12-24 15:15:00+05:30,21.72,21.68,4838,48,110407.91999999998
23ME3EP03,1,NSE:YESBANK-EQ,60,2025-12-26 10:15:00+05:30,2025-12-26 12:15:00+05:30,21.63,21.56,4848,48,110020.55999999998
